Number,Time,y_1,v_1,a_1,y_2,v_2,a_2,y_3,v_3,a_3,
0,0.000,50.000,70.000,-706.664,0.000,70.000,-9.847,0.000,70.000,-9.810,
1,0.020,51.117,55.867,-450.946,1.396,69.803,-9.847,1.396,69.804,-9.810,
2,0.040,52.054,46.848,-317.780,2.788,69.606,-9.847,2.788,69.608,-9.810,
3,0.060,52.864,40.492,-237.984,4.176,69.409,-9.847,4.176,69.411,-9.810,
4,0.080,53.579,35.733,-185.831,5.561,69.212,-9.846,5.561,69.215,-9.810,
5,0.100,54.219,32.016,-149.635,6.941,69.015,-9.846,6.941,69.019,-9.810,
6,0.120,54.800,29.023,-123.376,8.317,68.818,-9.846,8.318,68.823,-9.810,
7,0.140,55.331,26.556,-103.662,9.690,68.621,-9.846,9.690,68.627,-9.810,
8,0.160,55.820,24.482,-88.451,11.058,68.425,-9.846,11.059,68.430,-9.810,
9,0.180,56.275,22.713,-76.449,12.423,68.228,-9.845,12.423,68.234,-9.810,
10,0.200,56.698,21.184,-66.801,13.783,68.031,-9.845,13.784,68.038,-9.810,
11,0.220,57.095,19.848,-58.921,15.140,67.834,-9.845,15.141,67.842,-9.810,
12,0.240,57.469,18.670,-52.396,16.493,67.637,-9.845,16.494,67.646,-9.810,
13,0.260,57.821,17.622,-46.929,17.842,67.440,-9.844,17.843,67.449,-9.810,
14,0.280,58.155,16.683,-42.300,19.186,67.243,-9.844,19.188,67.253,-9.810,
15,0.300,58.472,15.837,-38.345,20.527,67.046,-9.844,20.529,67.057,-9.810,
16,0.320,58.773,15.071,-34.938,21.864,66.849,-9.844,21.866,66.861,-9.810,
17,0.340,59.060,14.372,-31.980,23.197,66.653,-9.844,23.200,66.665,-9.810,
18,0.360,59.335,13.732,-29.396,24.527,66.456,-9.843,24.529,66.468,-9.810,
19,0.380,59.598,13.144,-27.125,25.852,66.259,-9.843,25.854,66.272,-9.810,
20,0.400,59.850,12.602,-25.117,27.173,66.062,-9.843,27.176,66.076,-9.810,
21,0.420,60.092,12.099,-23.334,28.490,65.865,-9.843,28.494,65.880,-9.810,
22,0.440,60.325,11.633,-21.741,29.804,65.668,-9.843,29.807,65.684,-9.810,
23,0.460,60.549,11.198,-20.314,31.113,65.471,-9.842,31.117,65.487,-9.810,
24,0.480,60.764,10.792,-19.030,32.419,65.274,-9.842,32.423,65.291,-9.810,
25,0.500,60.973,10.411,-17.870,33.720,65.078,-9.842,33.725,65.095,-9.810,
26,0.520,61.174,10.054,-16.819,35.018,64.881,-9.842,35.023,64.899,-9.810,
27,0.540,61.368,9.717,-15.863,36.311,64.684,-9.842,36.317,64.703,-9.810,
28,0.560,61.556,9.400,-14.991,37.601,64.487,-9.841,37.607,64.506,-9.810,
29,0.580,61.738,9.100,-14.193,38.887,64.290,-9.841,38.893,64.310,-9.810,
30,0.600,61.914,8.816,-13.462,40.169,64.093,-9.841,40.175,64.114,-9.810,
31,0.620,62.085,8.547,-12.790,41.447,63.897,-9.841,41.454,63.918,-9.810,
32,0.640,62.251,8.291,-12.171,42.721,63.700,-9.841,42.728,63.722,-9.810,
33,0.660,62.412,8.048,-11.599,43.991,63.503,-9.841,43.999,63.525,-9.810,
34,0.680,62.568,7.816,-11.070,45.257,63.306,-9.840,45.265,63.329,-9.810,
35,0.700,62.720,7.594,-10.580,46.519,63.109,-9.840,46.528,63.133,-9.810,
36,0.720,62.868,7.383,-10.124,47.777,62.913,-9.840,47.787,62.937,-9.810,
37,0.740,63.012,7.180,-9.700,49.032,62.716,-9.840,49.041,62.741,-9.810,
38,0.760,63.151,6.986,-9.305,50.282,62.519,-9.840,50.292,62.544,-9.810,
39,0.780,63.287,6.800,-8.937,51.528,62.322,-9.839,51.539,62.348,-9.810,
40,0.800,63.420,6.622,-8.592,52.771,62.125,-9.839,52.782,62.152,-9.810,
41,0.820,63.549,6.450,-8.269,54.010,61.929,-9.839,54.021,61.956,-9.810,
42,0.840,63.674,6.284,-7.966,55.244,61.732,-9.839,55.257,61.760,-9.810,
43,0.860,63.797,6.125,-7.682,56.475,61.535,-9.839,56.488,61.563,-9.810,
44,0.880,63.916,5.971,-7.415,57.702,61.338,-9.838,57.715,61.367,-9.810,
45,0.900,64.033,5.823,-7.163,58.925,61.142,-9.838,58.939,61.171,-9.810,
46,0.920,64.146,5.680,-6.926,60.143,60.945,-9.838,60.158,60.975,-9.810,
47,0.940,64.257,5.541,-6.703,61.358,60.748,-9.838,61.374,60.779,-9.810,
48,0.960,64.365,5.407,-6.492,62.569,60.551,-9.838,62.585,60.582,-9.810,
49,0.980,64.471,5.277,-6.293,63.776,60.355,-9.838,63.793,60.386,-9.810,
50,1.000,64.574,5.152,-6.104,64.980,60.158,-9.837,64.997,60.190,-9.810,
51,1.020,64.675,5.029,-5.925,66.179,59.961,-9.837,66.197,59.994,-9.810,
52,1.040,64.773,4.911,-5.756,67.374,59.764,-9.837,67.393,59.798,-9.810,
53,1.060,64.869,4.796,-5.595,68.565,59.568,-9.837,68.585,59.601,-9.810,
54,1.080,64.962,4.684,-5.443,69.753,59.371,-9.837,69.773,59.405,-9.810,
55,1.100,65.054,4.575,-5.298,70.936,59.174,-9.836,70.957,59.209,-9.810,
56,1.120,65.143,4.469,-5.160,72.116,58.977,-9.836,72.137,59.013,-9.810,
57,1.140,65.231,4.366,-5.029,73.292,58.781,-9.836,73.314,58.817,-9.810,
58,1.160,65.316,4.265,-4.904,74.463,58.584,-9.836,74.486,58.620,-9.810,
59,1.180,65.399,4.167,-4.785,75.631,58.387,-9.836,75.655,58.424,-9.810,
60,1.200,65.481,4.072,-4.672,76.795,58.190,-9.836,76.819,58.228,-9.810,
61,1.220,65.560,3.978,-4.564,77.955,57.994,-9.835,77.980,58.032,-9.810,
62,1.240,65.638,3.887,-4.461,79.111,57.797,-9.835,79.136,57.836,-9.810,
63,1.260,65.714,3.798,-4.362,80.263,57.600,-9.835,80.289,57.639,-9.810,
64,1.280,65.788,3.710,-4.268,81.411,57.404,-9.835,81.438,57.443,-9.810,
65,1.300,65.861,3.625,-4.178,82.555,57.207,-9.835,82.583,57.247,-9.810,
66,1.320,65.931,3.541,-4.092,83.695,57.010,-9.835,83.724,57.051,-9.810,
67,1.340,66.001,3.460,-4.010,84.831,56.814,-9.834,84.861,56.855,-9.810,
68,1.360,66.068,3.379,-3.931,85.964,56.617,-9.834,85.994,56.658,-9.810,
69,1.380,66.134,3.301,-3.855,87.092,56.420,-9.834,87.124,56.462,-9.810,
70,1.400,66.199,3.224,-3.783,88.216,56.223,-9.834,88.249,56.266,-9.810,
71,1.420,66.262,3.148,-3.714,89.337,56.027,-9.834,89.370,56.070,-9.810,
72,1.440,66.323,3.074,-3.647,90.454,55.830,-9.834,90.488,55.874,-9.810,
73,1.460,66.383,3.001,-3.583,91.566,55.633,-9.833,91.601,55.677,-9.810,
74,1.480,66.442,2.929,-3.522,92.675,55.437,-9.833,92.711,55.481,-9.810,
75,1.500,66.499,2.859,-3.464,93.780,55.240,-9.833,93.817,55.285,-9.810,
76,1.520,66.555,2.789,-3.408,94.881,55.043,-9.833,94.918,55.089,-9.810,
77,1.540,66.609,2.721,-3.354,95.978,54.847,-9.833,96.016,54.893,-9.810,
78,1.560,66.662,2.654,-3.302,97.071,54.650,-9.833,97.110,54.696,-9.810,
79,1.580,66.714,2.588,-3.252,98.160,54.454,-9.832,98.200,54.500,-9.810,
80,1.600,66.764,2.523,-3.204,99.245,54.257,-9.832,99.286,54.304,-9.810,
81,1.620,66.814,2.459,-3.158,100.326,54.060,-9.832,100.368,54.108,-9.810,
82,1.640,66.861,2.396,-3.114,101.403,53.864,-9.832,101.447,53.912,-9.810,
83,1.660,66.908,2.334,-3.072,102.477,53.667,-9.832,102.521,53.715,-9.810,
84,1.680,66.954,2.272,-3.031,103.546,53.470,-9.832,103.591,53.519,-9.810,
85,1.700,66.998,2.212,-2.992,104.612,53.274,-9.831,104.658,53.323,-9.810,
86,1.720,67.041,2.152,-2.955,105.673,53.077,-9.831,105.720,53.127,-9.810,
87,1.740,67.083,2.093,-2.918,106.731,52.880,-9.831,106.779,52.931,-9.810,
88,1.760,67.123,2.034,-2.884,107.784,52.684,-9.831,107.834,52.734,-9.810,
89,1.780,67.163,1.977,-2.851,108.834,52.487,-9.831,108.884,52.538,-9.810,
90,1.800,67.201,1.920,-2.819,109.880,52.291,-9.831,109.931,52.342,-9.810,
91,1.820,67.239,1.863,-2.788,110.922,52.094,-9.830,110.974,52.146,-9.810,
92,1.840,67.275,1.807,-2.759,111.960,51.897,-9.830,112.013,51.950,-9.810,
93,1.860,67.310,1.752,-2.730,112.994,51.701,-9.830,113.048,51.753,-9.810,
94,1.880,67.344,1.698,-2.703,114.024,51.504,-9.830,114.079,51.557,-9.810,
95,1.900,67.377,1.644,-2.677,115.050,51.308,-9.830,115.107,51.361,-9.810,
96,1.920,67.408,1.590,-2.652,116.072,51.111,-9.830,116.130,51.165,-9.810,
97,1.940,67.439,1.537,-2.629,117.091,50.914,-9.829,117.149,50.969,-9.810,
98,1.960,67.469,1.484,-2.606,118.105,50.718,-9.829,118.165,50.772,-9.810,
99,1.980,67.497,1.432,-2.584,119.115,50.521,-9.829,119.176,50.576,-9.810,
100,2.000,67.525,1.381,-2.563,120.122,50.325,-9.829,120.184,50.380,-9.810,
101,2.020,67.552,1.329,-2.543,121.124,50.128,-9.829,121.187,50.184,-9.810,
102,2.040,67.577,1.278,-2.524,122.123,49.931,-9.829,122.187,49.988,-9.810,
103,2.060,67.602,1.228,-2.506,123.118,49.735,-9.829,123.183,49.791,-9.810,
104,2.080,67.625,1.178,-2.488,124.108,49.538,-9.828,124.175,49.595,-9.810,
105,2.100,67.648,1.128,-2.472,125.095,49.342,-9.828,125.163,49.399,-9.810,
106,2.120,67.670,1.079,-2.456,126.078,49.145,-9.828,126.147,49.203,-9.810,
107,2.140,67.690,1.030,-2.441,127.057,48.949,-9.828,127.127,49.007,-9.810,
108,2.160,67.710,0.981,-2.427,128.032,48.752,-9.828,128.103,48.810,-9.810,
109,2.180,67.728,0.932,-2.414,129.003,48.555,-9.828,129.076,48.614,-9.810,
110,2.200,67.746,0.884,-2.401,129.970,48.359,-9.828,130.044,48.418,-9.810,
111,2.220,67.763,0.836,-2.389,130.934,48.162,-9.827,131.008,48.222,-9.810,
112,2.240,67.779,0.788,-2.378,131.893,47.966,-9.827,131.969,48.026,-9.810,
113,2.260,67.793,0.741,-2.368,132.848,47.769,-9.827,132.926,47.829,-9.810,
114,2.280,67.807,0.693,-2.358,133.800,47.573,-9.827,133.878,47.633,-9.810,
115,2.300,67.820,0.646,-2.349,134.747,47.376,-9.827,134.827,47.437,-9.810,
116,2.320,67.832,0.599,-2.341,135.691,47.180,-9.827,135.772,47.241,-9.810,
117,2.340,67.843,0.552,-2.333,136.631,46.983,-9.827,136.713,47.045,-9.810,
118,2.360,67.853,0.506,-2.326,137.566,46.787,-9.826,137.650,46.848,-9.810,
119,2.380,67.862,0.459,-2.319,138.498,46.590,-9.826,138.583,46.652,-9.810,
120,2.400,67.871,0.413,-2.313,139.426,46.394,-9.826,139.512,46.456,-9.810,
121,2.420,67.878,0.366,-2.308,140.350,46.197,-9.826,140.437,46.260,-9.810,
122,2.440,67.884,0.320,-2.304,141.270,46.001,-9.826,141.358,46.064,-9.810,
123,2.460,67.890,0.274,-2.300,142.186,45.804,-9.826,142.276,45.867,-9.810,
124,2.480,67.894,0.228,-2.296,143.098,45.607,-9.826,143.189,45.671,-9.810,
125,2.500,67.898,0.182,-2.294,144.006,45.411,-9.825,144.098,45.475,-9.810,
126,2.520,67.901,0.136,-2.292,144.911,45.214,-9.825,145.004,45.279,-9.810,
127,2.540,67.903,0.091,-2.290,145.811,45.018,-9.825,145.906,45.083,-9.810,
128,2.560,67.904,0.045,-2.289,146.708,44.821,-9.825,146.803,44.886,-9.810,
129,2.580,67.904,-0.001,-2.289,147.600,44.625,-9.825,147.697,44.690,-9.810,
130,2.600,67.903,-0.047,-2.289,148.489,44.428,-9.825,148.587,44.494,-9.810,
131,2.620,67.901,-0.093,-2.288,149.373,44.232,-9.825,149.473,44.298,-9.810,
132,2.640,67.898,-0.138,-2.286,150.254,44.035,-9.824,150.355,44.102,-9.810,
133,2.660,67.894,-0.184,-2.284,151.131,43.839,-9.824,151.233,43.905,-9.810,
134,2.680,67.890,-0.230,-2.281,152.004,43.642,-9.824,152.107,43.709,-9.810,
135,2.700,67.884,-0.275,-2.278,152.873,43.446,-9.824,152.978,43.513,-9.810,
136,2.720,67.878,-0.321,-2.274,153.738,43.250,-9.824,153.844,43.317,-9.810,
137,2.740,67.870,-0.366,-2.270,154.599,43.053,-9.824,154.706,43.121,-9.810,
138,2.760,67.862,-0.412,-2.265,155.456,42.857,-9.824,155.565,42.924,-9.810,
139,2.780,67.853,-0.457,-2.259,156.309,42.660,-9.824,156.419,42.728,-9.810,
140,2.800,67.843,-0.502,-2.253,157.158,42.464,-9.823,157.270,42.532,-9.810,
141,2.820,67.832,-0.547,-2.246,158.004,42.267,-9.823,158.117,42.336,-9.810,
142,2.840,67.820,-0.592,-2.239,158.845,42.071,-9.823,158.960,42.140,-9.810,
143,2.860,67.807,-0.637,-2.231,159.682,41.874,-9.823,159.798,41.943,-9.810,
144,2.880,67.794,-0.682,-2.222,160.516,41.678,-9.823,160.633,41.747,-9.810,
145,2.900,67.779,-0.726,-2.213,161.346,41.481,-9.823,161.464,41.551,-9.810,
146,2.920,67.764,-0.770,-2.204,162.171,41.285,-9.823,162.292,41.355,-9.810,
147,2.940,67.748,-0.814,-2.194,162.993,41.088,-9.823,163.115,41.159,-9.810,
148,2.960,67.730,-0.858,-2.183,163.811,40.892,-9.822,163.934,40.962,-9.810,
149,2.980,67.712,-0.902,-2.172,164.625,40.696,-9.822,164.749,40.766,-9.810,
150,3.000,67.694,-0.945,-2.161,165.435,40.499,-9.822,165.561,40.570,-9.810,
151,3.020,67.674,-0.989,-2.148,166.241,40.303,-9.822,166.368,40.374,-9.810,
152,3.040,67.653,-1.032,-2.136,167.043,40.106,-9.822,167.172,40.178,-9.810,
153,3.060,67.632,-1.074,-2.123,167.841,39.910,-9.822,167.971,39.981,-9.810,
154,3.080,67.609,-1.117,-2.110,168.635,39.713,-9.822,168.767,39.785,-9.810,
155,3.100,67.586,-1.159,-2.096,169.426,39.517,-9.822,169.559,39.589,-9.810,
156,3.120,67.562,-1.201,-2.082,170.212,39.320,-9.821,170.347,39.393,-9.810,
157,3.140,67.537,-1.243,-2.067,170.995,39.124,-9.821,171.131,39.197,-9.810,
158,3.160,67.512,-1.284,-2.052,171.773,38.928,-9.821,171.911,39.000,-9.810,
159,3.180,67.485,-1.325,-2.037,172.548,38.731,-9.821,172.687,38.804,-9.810,
160,3.200,67.458,-1.366,-2.021,173.319,38.535,-9.821,173.459,38.608,-9.810,
161,3.220,67.430,-1.406,-2.005,174.085,38.338,-9.821,174.227,38.412,-9.810,
162,3.240,67.401,-1.446,-1.988,174.848,38.142,-9.821,174.991,38.216,-9.810,
163,3.260,67.371,-1.486,-1.972,175.607,37.945,-9.821,175.752,38.019,-9.810,
164,3.280,67.340,-1.525,-1.955,176.362,37.749,-9.821,176.508,37.823,-9.810,
165,3.300,67.309,-1.564,-1.937,177.113,37.553,-9.820,177.261,37.627,-9.810,
166,3.320,67.277,-1.603,-1.920,177.860,37.356,-9.820,178.009,37.431,-9.810,
167,3.340,67.244,-1.642,-1.902,178.603,37.160,-9.820,178.754,37.235,-9.810,
168,3.360,67.211,-1.680,-1.883,179.343,36.963,-9.820,179.495,37.038,-9.810,
169,3.380,67.176,-1.717,-1.865,180.078,36.767,-9.820,180.232,36.842,-9.810,
170,3.400,67.141,-1.755,-1.846,180.809,36.571,-9.820,180.965,36.646,-9.810,
171,3.420,67.105,-1.792,-1.828,181.537,36.374,-9.820,181.694,36.450,-9.810,
172,3.440,67.069,-1.828,-1.809,182.260,36.178,-9.820,182.419,36.254,-9.810,
173,3.460,67.032,-1.864,-1.789,182.980,35.981,-9.820,183.140,36.057,-9.810,
174,3.480,66.994,-1.900,-1.770,183.696,35.785,-9.819,183.857,35.861,-9.810,
175,3.500,66.955,-1.935,-1.751,184.408,35.589,-9.819,184.570,35.665,-9.810,
176,3.520,66.915,-1.970,-1.731,185.115,35.392,-9.819,185.280,35.469,-9.810,
177,3.540,66.875,-2.005,-1.711,185.819,35.196,-9.819,185.985,35.273,-9.810,
178,3.560,66.835,-2.039,-1.691,186.519,35.000,-9.819,186.687,35.076,-9.810,
179,3.580,66.793,-2.073,-1.671,187.215,34.803,-9.819,187.384,34.880,-9.810,
180,3.600,66.751,-2.107,-1.651,187.908,34.607,-9.819,188.078,34.684,-9.810,
181,3.620,66.708,-2.140,-1.631,188.596,34.410,-9.819,188.768,34.488,-9.810,
182,3.640,66.665,-2.172,-1.611,189.280,34.214,-9.819,189.454,34.292,-9.810,
183,3.660,66.621,-2.204,-1.590,189.960,34.018,-9.818,190.136,34.095,-9.810,
184,3.680,66.576,-2.236,-1.570,190.637,33.821,-9.818,190.814,33.899,-9.810,
185,3.700,66.531,-2.268,-1.550,191.309,33.625,-9.818,191.488,33.703,-9.810,
186,3.720,66.485,-2.299,-1.529,191.978,33.429,-9.818,192.158,33.507,-9.810,
187,3.740,66.438,-2.329,-1.509,192.642,33.232,-9.818,192.824,33.311,-9.810,
188,3.760,66.391,-2.359,-1.489,193.303,33.036,-9.818,193.486,33.114,-9.810,
189,3.780,66.343,-2.389,-1.468,193.960,32.839,-9.818,194.145,32.918,-9.810,
190,3.800,66.295,-2.419,-1.448,194.613,32.643,-9.818,194.799,32.722,-9.810,
191,3.820,66.246,-2.447,-1.428,195.262,32.447,-9.818,195.450,32.526,-9.810,
192,3.840,66.196,-2.476,-1.408,195.907,32.250,-9.818,196.096,32.330,-9.810,
193,3.860,66.146,-2.504,-1.388,196.548,32.054,-9.817,196.739,32.133,-9.810,
194,3.880,66.095,-2.532,-1.367,197.185,31.858,-9.817,197.378,31.937,-9.810,
195,3.900,66.044,-2.559,-1.347,197.818,31.661,-9.817,198.012,31.741,-9.810,
196,3.920,65.993,-2.586,-1.328,198.448,31.465,-9.817,198.643,31.545,-9.810,
197,3.940,65.940,-2.613,-1.308,199.073,31.269,-9.817,199.270,31.349,-9.810,
198,3.960,65.888,-2.639,-1.288,199.694,31.072,-9.817,199.893,31.152,-9.810,
199,3.980,65.834,-2.665,-1.268,200.312,30.876,-9.817,200.512,30.956,-9.810,
200,4.000,65.780,-2.690,-1.249,200.925,30.680,-9.817,201.128,30.760,-9.810,
201,4.020,65.726,-2.715,-1.229,201.535,30.483,-9.817,201.739,30.564,-9.810,
202,4.040,65.671,-2.740,-1.210,202.141,30.287,-9.817,202.346,30.368,-9.810,
203,4.060,65.616,-2.764,-1.191,202.743,30.091,-9.817,202.950,30.171,-9.810,
204,4.080,65.560,-2.788,-1.172,203.341,29.894,-9.816,203.549,29.975,-9.810,
205,4.100,65.504,-2.811,-1.153,203.935,29.698,-9.816,204.145,29.779,-9.810,
206,4.120,65.447,-2.834,-1.134,204.525,29.502,-9.816,204.736,29.583,-9.810,
207,4.140,65.390,-2.857,-1.116,205.111,29.305,-9.816,205.324,29.387,-9.810,
208,4.160,65.333,-2.879,-1.097,205.693,29.109,-9.816,205.908,29.190,-9.810,
209,4.180,65.275,-2.901,-1.079,206.271,28.913,-9.816,206.488,28.994,-9.810,
210,4.200,65.216,-2.923,-1.061,206.845,28.716,-9.816,207.064,28.798,-9.810,
211,4.220,65.157,-2.944,-1.043,207.416,28.520,-9.816,207.636,28.602,-9.810,
212,4.240,65.098,-2.965,-1.025,207.982,28.324,-9.816,208.204,28.406,-9.810,
213,4.260,65.038,-2.985,-1.008,208.545,28.127,-9.816,208.768,28.209,-9.810,
214,4.280,64.978,-3.005,-0.991,209.104,27.931,-9.816,209.328,28.013,-9.810,
215,4.300,64.918,-3.025,-0.973,209.658,27.735,-9.815,209.885,27.817,-9.810,
216,4.320,64.857,-3.045,-0.956,210.209,27.538,-9.815,210.437,27.621,-9.810,
217,4.340,64.796,-3.064,-0.940,210.756,27.342,-9.815,210.986,27.425,-9.810,
218,4.360,64.734,-3.083,-0.923,211.299,27.146,-9.815,211.530,27.228,-9.810,
219,4.380,64.672,-3.101,-0.907,211.838,26.950,-9.815,212.071,27.032,-9.810,
220,4.400,64.609,-3.119,-0.890,212.373,26.753,-9.815,212.608,26.836,-9.810,
221,4.420,64.547,-3.137,-0.874,212.904,26.557,-9.815,213.140,26.640,-9.810,
222,4.440,64.484,-3.155,-0.859,213.431,26.361,-9.815,213.669,26.444,-9.810,
223,4.460,64.420,-3.172,-0.843,213.954,26.164,-9.815,214.194,26.247,-9.810,
224,4.480,64.356,-3.189,-0.828,214.474,25.968,-9.815,214.715,26.051,-9.810,
225,4.500,64.292,-3.205,-0.812,214.989,25.772,-9.815,215.232,25.855,-9.810,
226,4.520,64.228,-3.221,-0.797,215.501,25.575,-9.815,215.745,25.659,-9.810,
227,4.540,64.163,-3.237,-0.782,216.008,25.379,-9.815,216.255,25.463,-9.810,
228,4.560,64.098,-3.253,-0.768,216.512,25.183,-9.814,216.760,25.266,-9.810,
229,4.580,64.033,-3.268,-0.753,217.012,24.987,-9.814,217.261,25.070,-9.810,
230,4.600,63.967,-3.283,-0.739,217.508,24.790,-9.814,217.759,24.874,-9.810,
231,4.620,63.901,-3.298,-0.725,217.999,24.594,-9.814,218.252,24.678,-9.810,
232,4.640,63.835,-3.313,-0.712,218.487,24.398,-9.814,218.742,24.482,-9.810,
233,4.660,63.768,-3.327,-0.698,218.971,24.201,-9.814,219.228,24.285,-9.810,
234,4.680,63.702,-3.341,-0.685,219.451,24.005,-9.814,219.710,24.089,-9.810,
235,4.700,63.634,-3.355,-0.671,219.928,23.809,-9.814,220.187,23.893,-9.810,
236,4.720,63.567,-3.368,-0.658,220.400,23.613,-9.814,220.661,23.697,-9.810,
237,4.740,63.499,-3.381,-0.646,220.868,23.416,-9.814,221.131,23.501,-9.810,
238,4.760,63.432,-3.394,-0.633,221.333,23.220,-9.814,221.598,23.304,-9.810,
239,4.780,63.363,-3.407,-0.621,221.793,23.024,-9.814,222.060,23.108,-9.810,
240,4.800,63.295,-3.419,-0.608,222.250,22.827,-9.814,222.518,22.912,-9.810,
241,4.820,63.226,-3.431,-0.597,222.702,22.631,-9.814,222.972,22.716,-9.810,
242,4.840,63.158,-3.443,-0.585,223.151,22.435,-9.813,223.423,22.520,-9.810,
243,4.860,63.088,-3.455,-0.573,223.596,22.239,-9.813,223.869,22.323,-9.810,
244,4.880,63.019,-3.466,-0.562,224.037,22.042,-9.813,224.312,22.127,-9.810,
245,4.900,62.950,-3.478,-0.551,224.474,21.846,-9.813,224.750,21.931,-9.810,
246,4.920,62.880,-3.489,-0.539,224.907,21.650,-9.813,225.185,21.735,-9.810,
247,4.940,62.810,-3.499,-0.529,225.336,21.454,-9.813,225.616,21.539,-9.810,
248,4.960,62.740,-3.510,-0.518,225.761,21.257,-9.813,226.043,21.342,-9.810,
249,4.980,62.669,-3.520,-0.508,226.182,21.061,-9.813,226.466,21.146,-9.810,
250,5.000,62.599,-3.531,-0.497,226.599,20.865,-9.813,226.885,20.950,-9.810,
251,5.020,62.528,-3.540,-0.487,227.013,20.669,-9.813,227.300,20.754,-9.810,
252,5.040,62.457,-3.550,-0.477,227.422,20.472,-9.813,227.711,20.558,-9.810,
253,5.060,62.386,-3.560,-0.467,227.828,20.276,-9.813,228.118,20.361,-9.810,
254,5.080,62.314,-3.569,-0.458,228.229,20.080,-9.813,228.521,20.165,-9.810,
255,5.100,62.243,-3.578,-0.448,228.627,19.884,-9.813,228.921,19.969,-9.810,
256,5.120,62.171,-3.587,-0.439,229.021,19.687,-9.813,229.316,19.773,-9.810,
257,5.140,62.099,-3.596,-0.430,229.410,19.491,-9.813,229.708,19.577,-9.810,
258,5.160,62.027,-3.605,-0.421,229.796,19.295,-9.812,230.095,19.380,-9.810,
259,5.180,61.955,-3.613,-0.412,230.178,19.099,-9.812,230.479,19.184,-9.810,
260,5.200,61.882,-3.621,-0.404,230.556,18.902,-9.812,230.859,18.988,-9.810,
261,5.220,61.810,-3.629,-0.395,230.930,18.706,-9.812,231.235,18.792,-9.810,
262,5.240,61.737,-3.637,-0.387,231.301,18.510,-9.812,231.606,18.596,-9.810,
263,5.260,61.664,-3.645,-0.379,231.667,18.314,-9.812,231.974,18.399,-9.810,
264,5.280,61.591,-3.653,-0.371,232.029,18.117,-9.812,232.338,18.203,-9.810,
265,5.300,61.518,-3.660,-0.363,232.388,17.921,-9.812,232.699,18.007,-9.810,
266,5.320,61.444,-3.667,-0.356,232.742,17.725,-9.812,233.055,17.811,-9.810,
267,5.340,61.371,-3.674,-0.348,233.093,17.529,-9.812,233.407,17.615,-9.810,
268,5.360,61.297,-3.681,-0.341,233.439,17.332,-9.812,233.755,17.418,-9.810,
269,5.380,61.223,-3.688,-0.334,233.782,17.136,-9.812,234.100,17.222,-9.810,
270,5.400,61.150,-3.695,-0.327,234.121,16.940,-9.812,234.440,17.026,-9.810,
271,5.420,61.076,-3.701,-0.320,234.456,16.744,-9.812,234.777,16.830,-9.810,
272,5.440,61.001,-3.708,-0.313,234.787,16.547,-9.812,235.110,16.634,-9.810,
273,5.460,60.927,-3.714,-0.306,235.114,16.351,-9.812,235.438,16.437,-9.810,
274,5.480,60.853,-3.720,-0.300,235.437,16.155,-9.812,235.763,16.241,-9.810,
275,5.500,60.778,-3.726,-0.293,235.756,15.959,-9.812,236.084,16.045,-9.810,
276,5.520,60.704,-3.732,-0.287,236.071,15.762,-9.812,236.401,15.849,-9.810,
277,5.540,60.629,-3.738,-0.281,236.383,15.566,-9.811,236.714,15.653,-9.810,
278,5.560,60.554,-3.743,-0.275,236.690,15.370,-9.811,237.023,15.456,-9.810,
279,5.580,60.479,-3.749,-0.269,236.994,15.174,-9.811,237.329,15.260,-9.810,
280,5.600,60.404,-3.754,-0.263,237.293,14.978,-9.811,237.630,15.064,-9.810,
281,5.620,60.329,-3.759,-0.257,237.589,14.781,-9.811,237.927,14.868,-9.810,
282,5.640,60.253,-3.765,-0.252,237.880,14.585,-9.811,238.221,14.672,-9.810,
283,5.660,60.178,-3.770,-0.246,238.168,14.389,-9.811,238.510,14.475,-9.810,
284,5.680,60.103,-3.775,-0.241,238.452,14.193,-9.811,238.796,14.279,-9.810,
285,5.700,60.027,-3.779,-0.236,238.732,13.996,-9.811,239.077,14.083,-9.810,
286,5.720,59.951,-3.784,-0.231,239.008,13.800,-9.811,239.355,13.887,-9.810,
287,5.740,59.875,-3.789,-0.226,239.280,13.604,-9.811,239.629,13.691,-9.810,
288,5.760,59.800,-3.793,-0.221,239.548,13.408,-9.811,239.899,13.494,-9.810,
289,5.780,59.724,-3.798,-0.216,239.812,13.212,-9.811,240.165,13.298,-9.810,
290,5.800,59.648,-3.802,-0.211,240.073,13.015,-9.811,240.427,13.102,-9.810,
291,5.820,59.571,-3.806,-0.206,240.329,12.819,-9.811,240.685,12.906,-9.810,
292,5.840,59.495,-3.810,-0.202,240.582,12.623,-9.811,240.939,12.710,-9.810,
293,5.860,59.419,-3.814,-0.198,240.830,12.427,-9.811,241.189,12.513,-9.810,
294,5.880,59.343,-3.818,-0.193,241.075,12.230,-9.811,241.436,12.317,-9.810,
295,5.900,59.266,-3.822,-0.189,241.315,12.034,-9.811,241.678,12.121,-9.810,
296,5.920,59.190,-3.826,-0.185,241.552,11.838,-9.811,241.917,11.925,-9.810,
297,5.940,59.113,-3.830,-0.181,241.785,11.642,-9.811,242.151,11.729,-9.810,
298,5.960,59.036,-3.833,-0.177,242.014,11.446,-9.811,242.382,11.532,-9.810,
299,5.980,58.960,-3.837,-0.173,242.239,11.249,-9.811,242.609,11.336,-9.810,
300,6.000,58.883,-3.840,-0.169,242.460,11.053,-9.811,242.831,11.140,-9.810,
301,6.020,58.806,-3.844,-0.165,242.677,10.857,-9.811,243.050,10.944,-9.810,
302,6.040,58.729,-3.847,-0.162,242.890,10.661,-9.810,243.265,10.748,-9.810,
303,6.060,58.652,-3.850,-0.158,243.100,10.465,-9.810,243.476,10.551,-9.810,
304,6.080,58.575,-3.853,-0.155,243.305,10.268,-9.810,243.683,10.355,-9.810,
305,6.100,58.498,-3.856,-0.151,243.506,10.072,-9.810,243.887,10.159,-9.810,
306,6.120,58.421,-3.859,-0.148,243.704,9.876,-9.810,244.086,9.963,-9.810,
307,6.140,58.343,-3.862,-0.145,243.898,9.680,-9.810,244.281,9.767,-9.810,
308,6.160,58.266,-3.865,-0.141,244.087,9.484,-9.810,244.473,9.570,-9.810,
309,6.180,58.189,-3.868,-0.138,244.273,9.287,-9.810,244.660,9.374,-9.810,
310,6.200,58.111,-3.871,-0.135,244.455,9.091,-9.810,244.844,9.178,-9.810,
311,6.220,58.034,-3.874,-0.132,244.633,8.895,-9.810,245.023,8.982,-9.810,
312,6.240,57.956,-3.876,-0.129,244.807,8.699,-9.810,245.199,8.786,-9.810,
313,6.260,57.879,-3.879,-0.126,244.977,8.503,-9.810,245.371,8.589,-9.810,
314,6.280,57.801,-3.881,-0.123,245.143,8.306,-9.810,245.539,8.393,-9.810,
315,6.300,57.723,-3.884,-0.121,245.305,8.110,-9.810,245.703,8.197,-9.810,
316,6.320,57.646,-3.886,-0.118,245.463,7.914,-9.810,245.863,8.001,-9.810,
317,6.340,57.568,-3.889,-0.115,245.618,7.718,-9.810,246.019,7.805,-9.810,
318,6.360,57.490,-3.891,-0.113,245.768,7.521,-9.810,246.171,7.608,-9.810,
319,6.380,57.412,-3.893,-0.110,245.915,7.325,-9.810,246.319,7.412,-9.810,
320,6.400,57.334,-3.895,-0.108,246.057,7.129,-9.810,246.463,7.216,-9.810,
321,6.420,57.256,-3.898,-0.105,246.196,6.933,-9.810,246.604,7.020,-9.810,
322,6.440,57.178,-3.900,-0.103,246.331,6.737,-9.810,246.740,6.824,-9.810,
323,6.460,57.100,-3.902,-0.101,246.461,6.540,-9.810,246.873,6.627,-9.810,
324,6.480,57.022,-3.904,-0.098,246.588,6.344,-9.810,247.001,6.431,-9.810,
325,6.500,56.944,-3.906,-0.096,246.711,6.148,-9.810,247.126,6.235,-9.810,
326,6.520,56.866,-3.908,-0.094,246.830,5.952,-9.810,247.247,6.039,-9.810,
327,6.540,56.788,-3.909,-0.092,246.945,5.756,-9.810,247.364,5.843,-9.810,
328,6.560,56.710,-3.911,-0.090,247.057,5.560,-9.810,247.477,5.646,-9.810,
329,6.580,56.631,-3.913,-0.088,247.164,5.363,-9.810,247.586,5.450,-9.810,
330,6.600,56.553,-3.915,-0.086,247.267,5.167,-9.810,247.691,5.254,-9.810,
331,6.620,56.475,-3.917,-0.084,247.367,4.971,-9.810,247.792,5.058,-9.810,
332,6.640,56.396,-3.918,-0.082,247.462,4.775,-9.810,247.889,4.862,-9.810,
333,6.660,56.318,-3.920,-0.080,247.554,4.579,-9.810,247.982,4.665,-9.810,
334,6.680,56.240,-3.921,-0.078,247.641,4.382,-9.810,248.072,4.469,-9.810,
335,6.700,56.161,-3.923,-0.077,247.725,4.186,-9.810,248.157,4.273,-9.810,
336,6.720,56.083,-3.925,-0.075,247.805,3.990,-9.810,248.239,4.077,-9.810,
337,6.740,56.004,-3.926,-0.073,247.881,3.794,-9.810,248.316,3.881,-9.810,
338,6.760,55.926,-3.928,-0.072,247.953,3.598,-9.810,248.390,3.684,-9.810,
339,6.780,55.847,-3.929,-0.070,248.021,3.401,-9.810,248.460,3.488,-9.810,
340,6.800,55.768,-3.930,-0.068,248.085,3.205,-9.810,248.526,3.292,-9.810,
341,6.820,55.690,-3.932,-0.067,248.145,3.009,-9.810,248.588,3.096,-9.810,
342,6.840,55.611,-3.933,-0.065,248.201,2.813,-9.810,248.646,2.900,-9.810,
343,6.860,55.532,-3.934,-0.064,248.254,2.617,-9.810,248.700,2.703,-9.810,
344,6.880,55.454,-3.936,-0.062,248.302,2.420,-9.810,248.750,2.507,-9.810,
345,6.900,55.375,-3.937,-0.061,248.346,2.224,-9.810,248.796,2.311,-9.810,
346,6.920,55.296,-3.938,-0.060,248.387,2.028,-9.810,248.838,2.115,-9.810,
347,6.940,55.217,-3.939,-0.058,248.424,1.832,-9.810,248.877,1.919,-9.810,
348,6.960,55.139,-3.940,-0.057,248.456,1.636,-9.810,248.911,1.722,-9.810,
349,6.980,55.060,-3.942,-0.056,248.485,1.439,-9.810,248.942,1.526,-9.810,
350,7.000,54.981,-3.943,-0.054,248.510,1.243,-9.810,248.968,1.330,-9.810,
351,7.020,54.902,-3.944,-0.053,248.531,1.047,-9.810,248.991,1.134,-9.810,
352,7.040,54.823,-3.945,-0.052,248.548,0.851,-9.810,249.010,0.938,-9.810,
353,7.060,54.744,-3.946,-0.051,248.561,0.655,-9.810,249.025,0.741,-9.810,
354,7.080,54.665,-3.947,-0.050,248.570,0.458,-9.810,249.035,0.545,-9.810,
355,7.100,54.586,-3.948,-0.048,248.575,0.262,-9.810,249.042,0.349,-9.810,
356,7.120,54.507,-3.949,-0.047,248.577,0.066,-9.810,249.045,0.153,-9.810,
357,7.140,54.428,-3.950,-0.046,248.574,-0.130,-9.810,249.045,-0.043,-9.810,
358,7.160,54.349,-3.951,-0.045,248.568,-0.326,-9.810,249.040,-0.240,-9.810,
359,7.180,54.270,-3.952,-0.044,248.557,-0.522,-9.810,249.031,-0.436,-9.810,
360,7.200,54.191,-3.953,-0.043,248.543,-0.719,-9.810,249.018,-0.632,-9.810,
361,7.220,54.112,-3.953,-0.042,248.525,-0.915,-9.810,249.002,-0.828,-9.810,
362,7.240,54.033,-3.954,-0.041,248.502,-1.111,-9.810,248.981,-1.024,-9.810,
363,7.260,53.954,-3.955,-0.040,248.476,-1.307,-9.810,248.957,-1.221,-9.810,
364,7.280,53.875,-3.956,-0.039,248.446,-1.503,-9.810,248.929,-1.417,-9.810,
365,7.300,53.796,-3.957,-0.039,248.412,-1.700,-9.810,248.896,-1.613,-9.810,
366,7.320,53.717,-3.957,-0.038,248.374,-1.896,-9.810,248.860,-1.809,-9.810,
367,7.340,53.637,-3.958,-0.037,248.332,-2.092,-9.810,248.820,-2.005,-9.810,
368,7.360,53.558,-3.959,-0.036,248.287,-2.288,-9.810,248.776,-2.202,-9.810,
369,7.380,53.479,-3.960,-0.035,248.237,-2.484,-9.810,248.728,-2.398,-9.810,
370,7.400,53.400,-3.960,-0.034,248.183,-2.681,-9.810,248.676,-2.594,-9.810,
371,7.420,53.321,-3.961,-0.034,248.126,-2.877,-9.810,248.620,-2.790,-9.810,
372,7.440,53.241,-3.962,-0.033,248.064,-3.073,-9.810,248.561,-2.986,-9.810,
373,7.460,53.162,-3.962,-0.032,247.999,-3.269,-9.810,248.497,-3.183,-9.810,
374,7.480,53.083,-3.963,-0.031,247.930,-3.465,-9.810,248.430,-3.379,-9.810,
375,7.500,53.004,-3.964,-0.031,247.856,-3.662,-9.809,248.358,-3.575,-9.810,
376,7.520,52.924,-3.964,-0.030,247.779,-3.858,-9.809,248.283,-3.771,-9.810,
377,7.540,52.845,-3.965,-0.029,247.698,-4.054,-9.809,248.203,-3.967,-9.810,
378,7.560,52.766,-3.965,-0.029,247.613,-4.250,-9.809,248.120,-4.164,-9.810,
379,7.580,52.686,-3.966,-0.028,247.524,-4.446,-9.809,248.033,-4.360,-9.810,
380,7.600,52.607,-3.967,-0.027,247.431,-4.642,-9.809,247.942,-4.556,-9.810,
381,7.620,52.528,-3.967,-0.027,247.335,-4.839,-9.809,247.847,-4.752,-9.810,
382,7.640,52.448,-3.968,-0.026,247.234,-5.035,-9.809,247.748,-4.948,-9.810,
383,7.660,52.369,-3.968,-0.025,247.129,-5.231,-9.809,247.645,-5.145,-9.810,
384,7.680,52.290,-3.969,-0.025,247.021,-5.427,-9.809,247.538,-5.341,-9.810,
385,7.700,52.210,-3.969,-0.024,246.908,-5.623,-9.809,247.427,-5.537,-9.810,
386,7.720,52.131,-3.970,-0.024,246.792,-5.820,-9.809,247.313,-5.733,-9.810,
387,7.740,52.051,-3.970,-0.023,246.672,-6.016,-9.809,247.194,-5.929,-9.810,
388,7.760,51.972,-3.971,-0.023,246.547,-6.212,-9.809,247.071,-6.126,-9.810,
389,7.780,51.893,-3.971,-0.022,246.419,-6.408,-9.809,246.945,-6.322,-9.810,
390,7.800,51.813,-3.972,-0.022,246.287,-6.604,-9.809,246.815,-6.518,-9.810,
391,7.820,51.734,-3.972,-0.021,246.151,-6.801,-9.809,246.680,-6.714,-9.810,
392,7.840,51.654,-3.972,-0.021,246.011,-6.997,-9.809,246.542,-6.910,-9.810,
393,7.860,51.575,-3.973,-0.020,245.867,-7.193,-9.809,246.400,-7.107,-9.810,
394,7.880,51.495,-3.973,-0.020,245.719,-7.389,-9.809,246.254,-7.303,-9.810,
395,7.900,51.416,-3.974,-0.019,245.568,-7.585,-9.809,246.104,-7.499,-9.810,
396,7.920,51.336,-3.974,-0.019,245.412,-7.781,-9.809,245.950,-7.695,-9.810,
397,7.940,51.257,-3.974,-0.018,245.253,-7.978,-9.809,245.792,-7.891,-9.810,
398,7.960,51.177,-3.975,-0.018,245.089,-8.174,-9.809,245.630,-8.088,-9.810,
399,7.980,51.098,-3.975,-0.018,244.922,-8.370,-9.809,245.465,-8.284,-9.810,
400,8.000,51.018,-3.975,-0.017,244.750,-8.566,-9.809,245.295,-8.480,-9.810,
401,8.020,50.939,-3.976,-0.017,244.575,-8.762,-9.809,245.122,-8.676,-9.810,
402,8.040,50.859,-3.976,-0.016,244.396,-8.959,-9.809,244.944,-8.872,-9.810,
403,8.060,50.780,-3.976,-0.016,244.213,-9.155,-9.809,244.763,-9.069,-9.810,
404,8.080,50.700,-3.977,-0.016,244.026,-9.351,-9.809,244.578,-9.265,-9.810,
405,8.100,50.621,-3.977,-0.015,243.835,-9.547,-9.809,244.388,-9.461,-9.810,
406,8.120,50.541,-3.977,-0.015,243.640,-9.743,-9.809,244.195,-9.657,-9.810,
407,8.140,50.462,-3.978,-0.015,243.441,-9.939,-9.809,243.998,-9.853,-9.810,
408,8.160,50.382,-3.978,-0.014,243.239,-10.136,-9.809,243.797,-10.050,-9.810,
409,8.180,50.303,-3.978,-0.014,243.032,-10.332,-9.809,243.592,-10.246,-9.810,
410,8.200,50.223,-3.979,-0.014,242.821,-10.528,-9.809,243.383,-10.442,-9.810,
411,8.220,50.143,-3.979,-0.013,242.607,-10.724,-9.809,243.171,-10.638,-9.810,
412,8.240,50.064,-3.979,-0.013,242.388,-10.920,-9.809,242.954,-10.834,-9.810,
413,8.260,49.984,-3.979,-0.013,242.166,-11.117,-9.809,242.733,-11.031,-9.810,
414,8.280,49.905,-3.980,-0.012,241.940,-11.313,-9.809,242.509,-11.227,-9.810,
415,8.300,49.825,-3.980,-0.012,241.710,-11.509,-9.809,242.280,-11.423,-9.810,
416,8.320,49.745,-3.980,-0.012,241.476,-11.705,-9.809,242.048,-11.619,-9.810,
417,8.340,49.666,-3.980,-0.012,241.238,-11.901,-9.809,241.812,-11.815,-9.810,
418,8.360,49.586,-3.981,-0.011,240.996,-12.097,-9.808,241.571,-12.012,-9.810,
419,8.380,49.507,-3.981,-0.011,240.750,-12.294,-9.808,241.327,-12.208,-9.810,
420,8.400,49.427,-3.981,-0.011,240.500,-12.490,-9.808,241.079,-12.404,-9.810,
421,8.420,49.347,-3.981,-0.011,240.246,-12.686,-9.808,240.827,-12.600,-9.810,
422,8.440,49.268,-3.981,-0.010,239.989,-12.882,-9.808,240.571,-12.796,-9.810,
423,8.460,49.188,-3.982,-0.010,239.727,-13.078,-9.808,240.311,-12.993,-9.810,
424,8.480,49.108,-3.982,-0.010,239.462,-13.274,-9.808,240.048,-13.189,-9.810,
425,8.500,49.029,-3.982,-0.010,239.192,-13.471,-9.808,239.780,-13.385,-9.810,
426,8.520,48.949,-3.982,-0.009,238.919,-13.667,-9.808,239.508,-13.581,-9.810,
427,8.540,48.870,-3.982,-0.009,238.642,-13.863,-9.808,239.233,-13.777,-9.810,
428,8.560,48.790,-3.983,-0.009,238.360,-14.059,-9.808,238.953,-13.974,-9.810,
429,8.580,48.710,-3.983,-0.009,238.075,-14.255,-9.808,238.670,-14.170,-9.810,
430,8.600,48.631,-3.983,-0.009,237.786,-14.451,-9.808,238.383,-14.366,-9.810,
431,8.620,48.551,-3.983,-0.008,237.493,-14.648,-9.808,238.091,-14.562,-9.810,
432,8.640,48.471,-3.983,-0.008,237.196,-14.844,-9.808,237.796,-14.758,-9.810,
433,8.660,48.392,-3.983,-0.008,236.896,-15.040,-9.808,237.497,-14.955,-9.810,
434,8.680,48.312,-3.984,-0.008,236.591,-15.236,-9.808,237.194,-15.151,-9.810,
435,8.700,48.232,-3.984,-0.008,236.282,-15.432,-9.808,236.887,-15.347,-9.810,
436,8.720,48.153,-3.984,-0.007,235.970,-15.628,-9.808,236.576,-15.543,-9.810,
437,8.740,48.073,-3.984,-0.007,235.653,-15.824,-9.808,236.261,-15.739,-9.810,
438,8.760,47.993,-3.984,-0.007,235.333,-16.021,-9.808,235.943,-15.936,-9.810,
439,8.780,47.913,-3.984,-0.007,235.008,-16.217,-9.808,235.620,-16.132,-9.810,
440,8.800,47.834,-3.984,-0.007,234.680,-16.413,-9.808,235.294,-16.328,-9.810,
441,8.820,47.754,-3.985,-0.007,234.348,-16.609,-9.807,234.963,-16.524,-9.810,
442,8.840,47.674,-3.985,-0.006,234.012,-16.805,-9.807,234.629,-16.720,-9.810,
443,8.860,47.595,-3.985,-0.006,233.672,-17.001,-9.807,234.290,-16.917,-9.810,
444,8.880,47.515,-3.985,-0.006,233.328,-17.198,-9.807,233.948,-17.113,-9.810,
445,8.900,47.435,-3.985,-0.006,232.980,-17.394,-9.807,233.602,-17.309,-9.810,
446,8.920,47.356,-3.985,-0.006,232.628,-17.590,-9.807,233.252,-17.505,-9.810,
447,8.940,47.276,-3.985,-0.006,232.273,-17.786,-9.807,232.898,-17.701,-9.810,
448,8.960,47.196,-3.985,-0.006,231.913,-17.982,-9.807,232.540,-17.898,-9.810,
449,8.980,47.116,-3.986,-0.006,231.549,-18.178,-9.807,232.178,-18.094,-9.810,
450,9.000,47.037,-3.986,-0.005,231.182,-18.374,-9.807,231.812,-18.290,-9.810,
451,9.020,46.957,-3.986,-0.005,230.810,-18.571,-9.807,231.442,-18.486,-9.810,
452,9.040,46.877,-3.986,-0.005,230.435,-18.767,-9.807,231.069,-18.682,-9.810,
453,9.060,46.798,-3.986,-0.005,230.056,-18.963,-9.807,230.691,-18.879,-9.810,
454,9.080,46.718,-3.986,-0.005,229.673,-19.159,-9.807,230.310,-19.075,-9.810,
455,9.100,46.638,-3.986,-0.005,229.286,-19.355,-9.807,229.924,-19.271,-9.810,
456,9.120,46.558,-3.986,-0.005,228.895,-19.551,-9.807,229.535,-19.467,-9.810,
457,9.140,46.479,-3.986,-0.005,228.500,-19.747,-9.807,229.142,-19.663,-9.810,
458,9.160,46.399,-3.987,-0.004,228.101,-19.943,-9.807,228.744,-19.860,-9.810,
459,9.180,46.319,-3.987,-0.004,227.698,-20.140,-9.806,228.343,-20.056,-9.810,
460,9.200,46.239,-3.987,-0.004,227.291,-20.336,-9.806,227.938,-20.252,-9.810,
461,9.220,46.160,-3.987,-0.004,226.881,-20.532,-9.806,227.529,-20.448,-9.810,
462,9.240,46.080,-3.987,-0.004,226.466,-20.728,-9.806,227.116,-20.644,-9.810,
463,9.260,46.000,-3.987,-0.004,226.048,-20.924,-9.806,226.700,-20.841,-9.810,
464,9.280,45.921,-3.987,-0.004,225.625,-21.120,-9.806,226.279,-21.037,-9.810,
465,9.300,45.841,-3.987,-0.004,225.199,-21.316,-9.806,225.854,-21.233,-9.810,
466,9.320,45.761,-3.987,-0.004,224.769,-21.512,-9.806,225.426,-21.429,-9.810,
467,9.340,45.681,-3.987,-0.004,224.334,-21.709,-9.806,224.993,-21.625,-9.810,
468,9.360,45.602,-3.987,-0.004,223.896,-21.905,-9.806,224.557,-21.822,-9.810,
469,9.380,45.522,-3.987,-0.003,223.454,-22.101,-9.806,224.116,-22.018,-9.810,
470,9.400,45.442,-3.987,-0.003,223.008,-22.297,-9.806,223.672,-22.214,-9.810,
471,9.420,45.362,-3.988,-0.003,222.558,-22.493,-9.806,223.224,-22.410,-9.810,
472,9.440,45.283,-3.988,-0.003,222.105,-22.689,-9.806,222.772,-22.606,-9.810,
473,9.460,45.203,-3.988,-0.003,221.647,-22.885,-9.806,222.316,-22.803,-9.810,
474,9.480,45.123,-3.988,-0.003,221.185,-23.081,-9.806,221.856,-22.999,-9.810,
475,9.500,45.043,-3.988,-0.003,220.720,-23.278,-9.805,221.392,-23.195,-9.810,
476,9.520,44.964,-3.988,-0.003,220.250,-23.474,-9.805,220.924,-23.391,-9.810,
477,9.540,44.884,-3.988,-0.003,219.777,-23.670,-9.805,220.452,-23.587,-9.810,
478,9.560,44.804,-3.988,-0.003,219.300,-23.866,-9.805,219.977,-23.784,-9.810,
479,9.580,44.724,-3.988,-0.003,218.818,-24.062,-9.805,219.497,-23.980,-9.810,
480,9.600,44.645,-3.988,-0.003,218.333,-24.258,-9.805,219.013,-24.176,-9.810,
481,9.620,44.565,-3.988,-0.003,217.844,-24.454,-9.805,218.526,-24.372,-9.810,
482,9.640,44.485,-3.988,-0.003,217.351,-24.650,-9.805,218.035,-24.568,-9.810,
483,9.660,44.405,-3.988,-0.003,216.854,-24.846,-9.805,217.539,-24.765,-9.810,
484,9.680,44.325,-3.988,-0.002,216.353,-25.042,-9.805,217.040,-24.961,-9.810,
485,9.700,44.246,-3.988,-0.002,215.849,-25.239,-9.805,216.537,-25.157,-9.810,
486,9.720,44.166,-3.988,-0.002,215.340,-25.435,-9.805,216.030,-25.353,-9.810,
487,9.740,44.086,-3.988,-0.002,214.827,-25.631,-9.805,215.519,-25.549,-9.810,
488,9.760,44.006,-3.988,-0.002,214.311,-25.827,-9.804,215.004,-25.746,-9.810,
489,9.780,43.927,-3.989,-0.002,213.790,-26.023,-9.804,214.485,-25.942,-9.810,
490,9.800,43.847,-3.989,-0.002,213.266,-26.219,-9.804,213.962,-26.138,-9.810,
491,9.820,43.767,-3.989,-0.002,212.738,-26.415,-9.804,213.436,-26.334,-9.810,
492,9.840,43.687,-3.989,-0.002,212.205,-26.611,-9.804,212.905,-26.530,-9.810,
493,9.860,43.608,-3.989,-0.002,211.669,-26.807,-9.804,212.371,-26.727,-9.810,
494,9.880,43.528,-3.989,-0.002,211.129,-27.003,-9.804,211.832,-26.923,-9.810,
495,9.900,43.448,-3.989,-0.002,210.585,-27.199,-9.804,211.290,-27.119,-9.810,
496,9.920,43.368,-3.989,-0.002,210.037,-27.395,-9.804,210.743,-27.315,-9.810,
497,9.940,43.288,-3.989,-0.002,209.485,-27.592,-9.804,210.193,-27.511,-9.810,
498,9.960,43.209,-3.989,-0.002,208.930,-27.788,-9.804,209.639,-27.708,-9.810,
499,9.980,43.129,-3.989,-0.002,208.370,-27.984,-9.804,209.081,-27.904,-9.810,
500,10.000,43.049,-3.989,-0.002,207.806,-28.180,-9.804,208.519,-28.100,-9.810,
501,10.020,42.969,-3.989,-0.002,207.239,-28.376,-9.803,207.953,-28.296,-9.810,
502,10.040,42.890,-3.989,-0.002,206.667,-28.572,-9.803,207.383,-28.492,-9.810,
503,10.060,42.810,-3.989,-0.002,206.092,-28.768,-9.803,206.809,-28.689,-9.810,
504,10.080,42.730,-3.989,-0.002,205.513,-28.964,-9.803,206.232,-28.885,-9.810,
505,10.100,42.650,-3.989,-0.002,204.930,-29.160,-9.803,205.650,-29.081,-9.810,
506,10.120,42.570,-3.989,-0.001,204.342,-29.356,-9.803,205.065,-29.277,-9.810,
507,10.140,42.491,-3.989,-0.001,203.751,-29.552,-9.803,204.475,-29.473,-9.810,
508,10.160,42.411,-3.989,-0.001,203.156,-29.748,-9.803,203.882,-29.670,-9.810,
509,10.180,42.331,-3.989,-0.001,202.558,-29.944,-9.803,203.284,-29.866,-9.810,
510,10.200,42.251,-3.989,-0.001,201.955,-30.140,-9.803,202.683,-30.062,-9.810,
511,10.220,42.171,-3.989,-0.001,201.348,-30.336,-9.803,202.078,-30.258,-9.810,
512,10.240,42.092,-3.989,-0.001,200.737,-30.533,-9.802,201.469,-30.454,-9.810,
513,10.260,42.012,-3.989,-0.001,200.123,-30.729,-9.802,200.856,-30.651,-9.810,
514,10.280,41.932,-3.989,-0.001,199.504,-30.925,-9.802,200.239,-30.847,-9.810,
515,10.300,41.852,-3.989,-0.001,198.882,-31.121,-9.802,199.618,-31.043,-9.810,
516,10.320,41.773,-3.989,-0.001,198.256,-31.317,-9.802,198.993,-31.239,-9.810,
517,10.340,41.693,-3.989,-0.001,197.625,-31.513,-9.802,198.365,-31.435,-9.810,
518,10.360,41.613,-3.989,-0.001,196.991,-31.709,-9.802,197.732,-31.632,-9.810,
519,10.380,41.533,-3.989,-0.001,196.353,-31.905,-9.802,197.095,-31.828,-9.810,
520,10.400,41.453,-3.989,-0.001,195.711,-32.101,-9.802,196.455,-32.024,-9.810,
521,10.420,41.374,-3.990,-0.001,195.065,-32.297,-9.802,195.811,-32.220,-9.810,
522,10.440,41.294,-3.990,-0.001,194.415,-32.493,-9.802,195.162,-32.416,-9.810,
523,10.460,41.214,-3.990,-0.001,193.761,-32.689,-9.801,194.510,-32.613,-9.810,
524,10.480,41.134,-3.990,-0.001,193.104,-32.885,-9.801,193.854,-32.809,-9.810,
525,10.500,41.054,-3.990,-0.001,192.442,-33.081,-9.801,193.194,-33.005,-9.810,
526,10.520,40.975,-3.990,-0.001,191.777,-33.277,-9.801,192.530,-33.201,-9.810,
527,10.540,40.895,-3.990,-0.001,191.107,-33.473,-9.801,191.862,-33.397,-9.810,
528,10.560,40.815,-3.990,-0.001,190.434,-33.669,-9.801,191.190,-33.594,-9.810,
529,10.580,40.735,-3.990,-0.001,189.756,-33.865,-9.801,190.514,-33.790,-9.810,
530,10.600,40.655,-3.990,-0.001,189.075,-34.061,-9.801,189.834,-33.986,-9.810,
531,10.620,40.576,-3.990,-0.001,188.390,-34.257,-9.801,189.151,-34.182,-9.810,
532,10.640,40.496,-3.990,-0.001,187.701,-34.453,-9.800,188.463,-34.378,-9.810,
533,10.660,40.416,-3.990,-0.001,187.008,-34.649,-9.800,187.772,-34.575,-9.810,
534,10.680,40.336,-3.990,-0.001,186.311,-34.845,-9.800,187.076,-34.771,-9.810,
535,10.700,40.256,-3.990,-0.001,185.610,-35.041,-9.800,186.377,-34.967,-9.810,
536,10.720,40.177,-3.990,-0.001,184.906,-35.237,-9.800,185.674,-35.163,-9.810,
537,10.740,40.097,-3.990,-0.001,184.197,-35.433,-9.800,184.966,-35.359,-9.810,
538,10.760,40.017,-3.990,-0.001,183.484,-35.629,-9.800,184.255,-35.556,-9.810,
539,10.780,39.937,-3.990,-0.001,182.768,-35.825,-9.800,183.540,-35.752,-9.810,
540,10.800,39.857,-3.990,-0.001,182.047,-36.021,-9.800,182.821,-35.948,-9.810,
541,10.820,39.778,-3.990,-0.001,181.323,-36.217,-9.800,182.098,-36.144,-9.810,
542,10.840,39.698,-3.990,-0.001,180.595,-36.413,-9.799,181.372,-36.340,-9.810,
543,10.860,39.618,-3.990,-0.001,179.863,-36.609,-9.799,180.641,-36.537,-9.810,
544,10.880,39.538,-3.990,-0.001,179.127,-36.805,-9.799,179.906,-36.733,-9.810,
545,10.900,39.459,-3.990,-0.001,178.387,-37.001,-9.799,179.168,-36.929,-9.810,
546,10.920,39.379,-3.990,-0.001,177.643,-37.197,-9.799,178.425,-37.125,-9.810,
547,10.940,39.299,-3.990,-0.001,176.895,-37.393,-9.799,177.679,-37.321,-9.810,
548,10.960,39.219,-3.990,-0.001,176.143,-37.589,-9.799,176.928,-37.518,-9.810,
549,10.980,39.139,-3.990,-0.001,175.387,-37.785,-9.799,176.174,-37.714,-9.810,
550,11.000,39.060,-3.990,-0.001,174.628,-37.981,-9.799,175.416,-37.910,-9.810,
551,11.020,38.980,-3.990,-0.001,173.864,-38.177,-9.798,174.654,-38.106,-9.810,
552,11.040,38.900,-3.990,-0.001,173.097,-38.373,-9.798,173.888,-38.302,-9.810,
553,11.060,38.820,-3.990,-0.000,172.325,-38.569,-9.798,173.118,-38.499,-9.810,
554,11.080,38.740,-3.990,-0.000,171.550,-38.765,-9.798,172.344,-38.695,-9.810,
555,11.100,38.661,-3.990,-0.000,170.771,-38.961,-9.798,171.566,-38.891,-9.810,
556,11.120,38.581,-3.990,-0.000,169.988,-39.157,-9.798,170.784,-39.087,-9.810,
557,11.140,38.501,-3.990,-0.000,169.201,-39.353,-9.798,169.999,-39.283,-9.810,
558,11.160,38.421,-3.990,-0.000,168.410,-39.549,-9.798,169.209,-39.480,-9.810,
559,11.180,38.341,-3.990,-0.000,167.615,-39.745,-9.797,168.416,-39.676,-9.810,
560,11.200,38.262,-3.990,-0.000,166.816,-39.941,-9.797,167.618,-39.872,-9.810,
561,11.220,38.182,-3.990,-0.000,166.013,-40.137,-9.797,166.817,-40.068,-9.810,
562,11.240,38.102,-3.990,-0.000,165.206,-40.332,-9.797,166.011,-40.264,-9.810,
563,11.260,38.022,-3.990,-0.000,164.396,-40.528,-9.797,165.202,-40.461,-9.810,
564,11.280,37.942,-3.990,-0.000,163.581,-40.724,-9.797,164.389,-40.657,-9.810,
565,11.300,37.863,-3.990,-0.000,162.763,-40.920,-9.797,163.572,-40.853,-9.810,
566,11.320,37.783,-3.990,-0.000,161.941,-41.116,-9.797,162.751,-41.049,-9.810,
567,11.340,37.703,-3.990,-0.000,161.114,-41.312,-9.797,161.926,-41.245,-9.810,
568,11.360,37.623,-3.990,-0.000,160.284,-41.508,-9.796,161.097,-41.442,-9.810,
569,11.380,37.543,-3.990,-0.000,159.450,-41.704,-9.796,160.265,-41.638,-9.810,
570,11.400,37.463,-3.990,-0.000,158.612,-41.900,-9.796,159.428,-41.834,-9.810,
571,11.420,37.384,-3.990,-0.000,157.770,-42.096,-9.796,158.587,-42.030,-9.810,
572,11.440,37.304,-3.990,-0.000,156.924,-42.292,-9.796,157.743,-42.226,-9.810,
573,11.460,37.224,-3.990,-0.000,156.075,-42.488,-9.796,156.894,-42.423,-9.810,
574,11.480,37.144,-3.990,-0.000,155.221,-42.684,-9.796,156.042,-42.619,-9.810,
575,11.500,37.064,-3.990,-0.000,154.363,-42.880,-9.795,155.186,-42.815,-9.810,
576,11.520,36.985,-3.990,-0.000,153.502,-43.075,-9.795,154.325,-43.011,-9.810,
577,11.540,36.905,-3.990,-0.000,152.636,-43.271,-9.795,153.461,-43.207,-9.810,
578,11.560,36.825,-3.990,-0.000,151.767,-43.467,-9.795,152.593,-43.404,-9.810,
579,11.580,36.745,-3.990,-0.000,150.894,-43.663,-9.795,151.721,-43.600,-9.810,
580,11.600,36.665,-3.990,-0.000,150.017,-43.859,-9.795,150.845,-43.796,-9.810,
581,11.620,36.586,-3.990,-0.000,149.136,-44.055,-9.795,149.965,-43.992,-9.810,
582,11.640,36.506,-3.990,-0.000,148.251,-44.251,-9.795,149.082,-44.188,-9.810,
583,11.660,36.426,-3.990,-0.000,147.362,-44.447,-9.794,148.194,-44.385,-9.810,
584,11.680,36.346,-3.990,-0.000,146.469,-44.643,-9.794,147.302,-44.581,-9.810,
585,11.700,36.266,-3.990,-0.000,145.572,-44.839,-9.794,146.407,-44.777,-9.810,
586,11.720,36.187,-3.990,-0.000,144.671,-45.034,-9.794,145.507,-44.973,-9.810,
587,11.740,36.107,-3.990,-0.000,143.767,-45.230,-9.794,144.604,-45.169,-9.810,
588,11.760,36.027,-3.990,-0.000,142.858,-45.426,-9.794,143.697,-45.366,-9.810,
589,11.780,35.947,-3.990,-0.000,141.946,-45.622,-9.794,142.785,-45.562,-9.810,
590,11.800,35.867,-3.990,-0.000,141.029,-45.818,-9.793,141.870,-45.758,-9.810,
591,11.820,35.788,-3.990,-0.000,140.109,-46.014,-9.793,140.951,-45.954,-9.810,
592,11.840,35.708,-3.990,-0.000,139.185,-46.210,-9.793,140.028,-46.150,-9.810,
593,11.860,35.628,-3.990,-0.000,138.257,-46.406,-9.793,139.101,-46.347,-9.810,
594,11.880,35.548,-3.990,-0.000,137.325,-46.601,-9.793,138.170,-46.543,-9.810,
595,11.900,35.468,-3.990,-0.000,136.389,-46.797,-9.793,137.236,-46.739,-9.810,
596,11.920,35.389,-3.990,-0.000,135.449,-46.993,-9.793,136.297,-46.935,-9.810,
597,11.940,35.309,-3.990,-0.000,134.505,-47.189,-9.793,135.354,-47.131,-9.810,
598,11.960,35.229,-3.990,-0.000,133.558,-47.385,-9.792,134.408,-47.328,-9.810,
599,11.980,35.149,-3.990,-0.000,132.606,-47.581,-9.792,133.457,-47.524,-9.810,
600,12.000,35.069,-3.990,-0.000,131.650,-47.776,-9.792,132.503,-47.720,-9.810,
601,12.020,34.990,-3.990,-0.000,130.691,-47.972,-9.792,131.544,-47.916,-9.810,
602,12.040,34.910,-3.990,-0.000,129.728,-48.168,-9.792,130.582,-48.112,-9.810,
603,12.060,34.830,-3.990,-0.000,128.760,-48.364,-9.792,129.616,-48.309,-9.810,
604,12.080,34.750,-3.990,-0.000,127.789,-48.560,-9.792,128.646,-48.505,-9.810,
605,12.100,34.670,-3.990,-0.000,126.814,-48.756,-9.791,127.672,-48.701,-9.810,
606,12.120,34.591,-3.990,-0.000,125.835,-48.951,-9.791,126.694,-48.897,-9.810,
607,12.140,34.511,-3.990,-0.000,124.852,-49.147,-9.791,125.712,-49.093,-9.810,
608,12.160,34.431,-3.990,-0.000,123.865,-49.343,-9.791,124.726,-49.290,-9.810,
609,12.180,34.351,-3.990,-0.000,122.874,-49.539,-9.791,123.737,-49.486,-9.810,
610,12.200,34.271,-3.990,-0.000,121.880,-49.735,-9.791,122.743,-49.682,-9.810,
611,12.220,34.191,-3.990,-0.000,120.881,-49.931,-9.790,121.745,-49.878,-9.810,
612,12.240,34.112,-3.990,-0.000,119.879,-50.126,-9.790,120.744,-50.074,-9.810,
613,12.260,34.032,-3.990,-0.000,118.872,-50.322,-9.790,119.739,-50.271,-9.810,
614,12.280,33.952,-3.990,-0.000,117.862,-50.518,-9.790,118.729,-50.467,-9.810,
615,12.300,33.872,-3.990,-0.000,116.847,-50.714,-9.790,117.716,-50.663,-9.810,
616,12.320,33.792,-3.990,-0.000,115.829,-50.910,-9.790,116.699,-50.859,-9.810,
617,12.340,33.713,-3.990,-0.000,114.807,-51.105,-9.790,115.678,-51.055,-9.810,
618,12.360,33.633,-3.990,-0.000,113.781,-51.301,-9.789,114.653,-51.252,-9.810,
619,12.380,33.553,-3.990,-0.000,112.751,-51.497,-9.789,113.624,-51.448,-9.810,
620,12.400,33.473,-3.990,-0.000,111.717,-51.693,-9.789,112.591,-51.644,-9.810,
621,12.420,33.393,-3.990,-0.000,110.680,-51.889,-9.789,111.554,-51.840,-9.810,
622,12.440,33.314,-3.990,-0.000,109.638,-52.084,-9.789,110.513,-52.036,-9.810,
623,12.460,33.234,-3.990,-0.000,108.592,-52.280,-9.789,109.469,-52.233,-9.810,
624,12.480,33.154,-3.990,-0.000,107.543,-52.476,-9.788,108.420,-52.429,-9.810,
625,12.500,33.074,-3.990,-0.000,106.489,-52.672,-9.788,107.368,-52.625,-9.810,
626,12.520,32.994,-3.990,-0.000,105.432,-52.867,-9.788,106.311,-52.821,-9.810,
627,12.540,32.915,-3.990,-0.000,104.371,-53.063,-9.788,105.251,-53.017,-9.810,
628,12.560,32.835,-3.990,-0.000,103.306,-53.259,-9.788,104.186,-53.214,-9.810,
629,12.580,32.755,-3.990,-0.000,102.236,-53.455,-9.788,103.118,-53.410,-9.810,
630,12.600,32.675,-3.990,-0.000,101.163,-53.650,-9.788,102.046,-53.606,-9.810,
631,12.620,32.595,-3.990,-0.000,100.087,-53.846,-9.787,100.970,-53.802,-9.810,
632,12.640,32.516,-3.990,-0.000,99.006,-54.042,-9.787,99.890,-53.998,-9.810,
633,12.660,32.436,-3.990,-0.000,97.921,-54.238,-9.787,98.806,-54.195,-9.810,
634,12.680,32.356,-3.990,-0.000,96.832,-54.433,-9.787,97.718,-54.391,-9.810,
635,12.700,32.276,-3.990,-0.000,95.740,-54.629,-9.787,96.627,-54.587,-9.810,
636,12.720,32.196,-3.990,-0.000,94.643,-54.825,-9.787,95.531,-54.783,-9.810,
637,12.740,32.117,-3.990,-0.000,93.543,-55.021,-9.786,94.431,-54.979,-9.810,
638,12.760,32.037,-3.990,-0.000,92.438,-55.216,-9.786,93.328,-55.176,-9.810,
639,12.780,31.957,-3.990,-0.000,91.330,-55.412,-9.786,92.220,-55.372,-9.810,
640,12.800,31.877,-3.990,-0.000,90.218,-55.608,-9.786,91.109,-55.568,-9.810,
641,12.820,31.797,-3.990,-0.000,89.102,-55.804,-9.786,89.994,-55.764,-9.810,
642,12.840,31.717,-3.990,-0.000,87.982,-55.999,-9.786,88.875,-55.960,-9.810,
643,12.860,31.638,-3.990,-0.000,86.858,-56.195,-9.785,87.751,-56.157,-9.810,
644,12.880,31.558,-3.990,-0.000,85.730,-56.391,-9.785,86.624,-56.353,-9.810,
645,12.900,31.478,-3.990,-0.000,84.599,-56.586,-9.785,85.493,-56.549,-9.810,
646,12.920,31.398,-3.990,-0.000,83.463,-56.782,-9.785,84.359,-56.745,-9.810,
647,12.940,31.318,-3.990,-0.000,82.323,-56.978,-9.785,83.220,-56.941,-9.810,
648,12.960,31.239,-3.990,-0.000,81.180,-57.173,-9.785,82.077,-57.138,-9.810,
649,12.980,31.159,-3.990,-0.000,80.033,-57.369,-9.784,80.930,-57.334,-9.810,
650,13.000,31.079,-3.990,-0.000,78.881,-57.565,-9.784,79.780,-57.530,-9.810,
651,13.020,30.999,-3.990,-0.000,77.726,-57.760,-9.784,78.625,-57.726,-9.810,
652,13.040,30.919,-3.990,-0.000,76.567,-57.956,-9.784,77.467,-57.922,-9.810,
653,13.060,30.840,-3.990,-0.000,75.404,-58.152,-9.784,76.304,-58.119,-9.810,
654,13.080,30.760,-3.990,-0.000,74.237,-58.348,-9.783,75.138,-58.315,-9.810,
655,13.100,30.680,-3.990,-0.000,73.066,-58.543,-9.783,73.968,-58.511,-9.810,
656,13.120,30.600,-3.990,-0.000,71.891,-58.739,-9.783,72.794,-58.707,-9.810,
657,13.140,30.520,-3.990,-0.000,70.713,-58.935,-9.783,71.616,-58.903,-9.810,
658,13.160,30.441,-3.990,-0.000,69.530,-59.130,-9.783,70.434,-59.100,-9.810,
659,13.180,30.361,-3.990,-0.000,68.343,-59.326,-9.783,69.248,-59.296,-9.810,
660,13.200,30.281,-3.990,-0.000,67.153,-59.521,-9.782,68.058,-59.492,-9.810,
661,13.220,30.201,-3.990,-0.000,65.959,-59.717,-9.782,66.864,-59.688,-9.810,
662,13.240,30.121,-3.990,-0.000,64.760,-59.913,-9.782,65.666,-59.884,-9.810,
663,13.260,30.042,-3.990,-0.000,63.558,-60.108,-9.782,64.465,-60.081,-9.810,
664,13.280,29.962,-3.990,-0.000,62.352,-60.304,-9.782,63.259,-60.277,-9.810,
665,13.300,29.882,-3.990,-0.000,61.142,-60.500,-9.782,62.050,-60.473,-9.810,
666,13.320,29.802,-3.990,-0.000,59.928,-60.695,-9.781,60.836,-60.669,-9.810,
667,13.340,29.722,-3.990,-0.000,58.710,-60.891,-9.781,59.619,-60.865,-9.810,
668,13.360,29.642,-3.990,-0.000,57.489,-61.087,-9.781,58.398,-61.062,-9.810,
669,13.380,29.563,-3.990,-0.000,56.263,-61.282,-9.781,57.173,-61.258,-9.810,
670,13.400,29.483,-3.990,-0.000,55.034,-61.478,-9.781,55.944,-61.454,-9.810,
671,13.420,29.403,-3.990,-0.000,53.800,-61.673,-9.780,54.711,-61.650,-9.810,
672,13.440,29.323,-3.990,-0.000,52.563,-61.869,-9.780,53.474,-61.846,-9.810,
673,13.460,29.243,-3.990,-0.000,51.321,-62.065,-9.780,52.233,-62.043,-9.810,
674,13.480,29.164,-3.990,-0.000,50.076,-62.260,-9.780,50.988,-62.239,-9.810,
675,13.500,29.084,-3.990,-0.000,48.827,-62.456,-9.780,49.739,-62.435,-9.810,
676,13.520,29.004,-3.990,-0.000,47.574,-62.651,-9.779,48.487,-62.631,-9.810,
677,13.540,28.924,-3.990,-0.000,46.317,-62.847,-9.779,47.230,-62.827,-9.810,
678,13.560,28.844,-3.990,-0.000,45.056,-63.043,-9.779,45.970,-63.024,-9.810,
679,13.580,28.765,-3.990,-0.000,43.791,-63.238,-9.779,44.705,-63.220,-9.810,
680,13.600,28.685,-3.990,-0.000,42.523,-63.434,-9.779,43.437,-63.416,-9.810,
681,13.620,28.605,-3.990,-0.000,41.250,-63.629,-9.779,42.165,-63.612,-9.810,
682,13.640,28.525,-3.990,-0.000,39.974,-63.825,-9.778,40.889,-63.808,-9.810,
683,13.660,28.445,-3.990,-0.000,38.693,-64.020,-9.778,39.609,-64.005,-9.810,
684,13.680,28.366,-3.990,-0.000,37.409,-64.216,-9.778,38.325,-64.201,-9.810,
685,13.700,28.286,-3.990,-0.000,36.121,-64.412,-9.778,37.037,-64.397,-9.810,
686,13.720,28.206,-3.990,-0.000,34.829,-64.607,-9.778,35.745,-64.593,-9.810,
687,13.740,28.126,-3.990,-0.000,33.533,-64.803,-9.777,34.449,-64.789,-9.810,
688,13.760,28.046,-3.990,-0.000,32.233,-64.998,-9.777,33.149,-64.986,-9.810,
689,13.780,27.967,-3.990,-0.000,30.929,-65.194,-9.777,31.846,-65.182,-9.810,
690,13.800,27.887,-3.990,-0.000,29.621,-65.389,-9.777,30.538,-65.378,-9.810,
691,13.820,27.807,-3.990,-0.000,28.309,-65.585,-9.777,29.227,-65.574,-9.810,
692,13.840,27.727,-3.990,-0.000,26.994,-65.780,-9.776,27.911,-65.770,-9.810,
693,13.860,27.647,-3.990,-0.000,25.674,-65.976,-9.776,26.592,-65.967,-9.810,
694,13.880,27.567,-3.990,-0.000,24.351,-66.171,-9.776,25.269,-66.163,-9.810,
695,13.900,27.488,-3.990,-0.000,23.023,-66.367,-9.776,23.941,-66.359,-9.810,
696,13.920,27.408,-3.990,-0.000,21.692,-66.562,-9.776,22.610,-66.555,-9.810,
697,13.940,27.328,-3.990,-0.000,20.357,-66.758,-9.775,21.275,-66.751,-9.810,
698,13.960,27.248,-3.990,-0.000,19.018,-66.954,-9.775,19.936,-66.948,-9.810,
699,13.980,27.168,-3.990,-0.000,17.675,-67.149,-9.775,18.593,-67.144,-9.810,
700,14.000,27.089,-3.990,-0.000,16.328,-67.345,-9.775,17.247,-67.340,-9.810,
701,14.020,27.009,-3.990,-0.000,14.977,-67.540,-9.775,15.896,-67.536,-9.810,
702,14.040,26.929,-3.990,-0.000,13.622,-67.736,-9.774,14.541,-67.732,-9.810,
703,14.060,26.849,-3.990,-0.000,12.264,-67.931,-9.774,13.183,-67.929,-9.810,
704,14.080,26.769,-3.990,-0.000,10.901,-68.126,-9.774,11.820,-68.125,-9.810,
705,14.100,26.690,-3.990,-0.000,9.535,-68.322,-9.774,10.454,-68.321,-9.810,
706,14.120,26.610,-3.990,-0.000,8.165,-68.517,-9.774,9.083,-68.517,-9.810,
707,14.140,26.530,-3.990,-0.000,6.790,-68.713,-9.773,7.709,-68.713,-9.810,
708,14.160,26.450,-3.990,-0.000,5.412,-68.908,-9.773,6.331,-68.910,-9.810,
709,14.180,26.370,-3.990,-0.000,4.030,-69.104,-9.773,4.949,-69.106,-9.810,
710,14.200,26.291,-3.990,-0.000,2.644,-69.299,-9.773,3.563,-69.302,-9.810,
711,14.220,26.211,-3.990,-0.000,1.254,-69.495,-9.773,2.173,-69.498,-9.810,
712,14.240,26.131,-3.990,-0.000,-0.140,-69.690,-9.772,0.779,-69.694,-9.810,
713,14.260,26.051,-3.990,-0.000,-1.537,-69.886,-9.772,-0.619,-69.891,-9.810,
714,14.280,25.971,-3.990,-0.000,-2.939,-70.081,-9.772,-2.021,-70.087,-9.810,
715,14.300,25.892,-3.990,-0.000,-4.345,-70.277,-9.772,-3.426,-70.283,-9.810,
716,14.320,25.812,-3.990,-0.000,-5.754,-70.472,-9.772,-4.836,-70.479,-9.810,
717,14.340,25.732,-3.990,-0.000,-7.167,-70.667,-9.771,-6.249,-70.675,-9.810,
718,14.360,25.652,-3.990,-0.000,-8.585,-70.863,-9.771,-7.667,-70.872,-9.810,
719,14.380,25.572,-3.990,-0.000,-10.006,-71.058,-9.771,-9.088,-71.068,-9.810,
720,14.400,25.492,-3.990,-0.000,-11.431,-71.254,-9.771,-10.513,-71.264,-9.810,
721,14.420,25.413,-3.990,-0.000,-12.860,-71.449,-9.770,-11.943,-71.460,-9.810,
722,14.440,25.333,-3.990,-0.000,-14.293,-71.644,-9.770,-13.376,-71.656,-9.810,
723,14.460,25.253,-3.990,-0.000,-15.729,-71.840,-9.770,-14.813,-71.853,-9.810,
724,14.480,25.173,-3.990,-0.000,-17.170,-72.035,-9.770,-16.254,-72.049,-9.810,
725,14.500,25.093,-3.990,-0.000,-18.615,-72.231,-9.770,-17.699,-72.245,-9.810,
726,14.520,25.014,-3.990,-0.000,-20.063,-72.426,-9.769,-19.148,-72.441,-9.810,
727,14.540,24.934,-3.990,-0.000,-21.516,-72.621,-9.769,-20.600,-72.637,-9.810,
728,14.560,24.854,-3.990,-0.000,-22.972,-72.817,-9.769,-22.057,-72.834,-9.810,
729,14.580,24.774,-3.990,-0.000,-24.432,-73.012,-9.769,-23.518,-73.030,-9.810,
730,14.600,24.694,-3.990,-0.000,-25.896,-73.208,-9.768,-24.982,-73.226,-9.810,
731,14.620,24.615,-3.990,-0.000,-27.365,-73.403,-9.768,-26.451,-73.422,-9.810,
732,14.640,24.535,-3.990,-0.000,-28.837,-73.598,-9.768,-27.923,-73.618,-9.810,
733,14.660,24.455,-3.990,-0.000,-30.312,-73.794,-9.768,-29.399,-73.815,-9.810,
734,14.680,24.375,-3.990,-0.000,-31.792,-73.989,-9.768,-30.879,-74.011,-9.810,
735,14.700,24.295,-3.990,-0.000,-33.276,-74.184,-9.767,-32.364,-74.207,-9.810,
736,14.720,24.216,-3.990,-0.000,-34.763,-74.380,-9.767,-33.852,-74.403,-9.810,
737,14.740,24.136,-3.990,-0.000,-36.255,-74.575,-9.767,-35.344,-74.599,-9.810,
738,14.760,24.056,-3.990,-0.000,-37.750,-74.770,-9.767,-36.839,-74.796,-9.810,
739,14.780,23.976,-3.990,-0.000,-39.250,-74.966,-9.766,-38.339,-74.992,-9.810,
740,14.800,23.896,-3.990,-0.000,-40.753,-75.161,-9.766,-39.843,-75.188,-9.810,
741,14.820,23.816,-3.990,-0.000,-42.260,-75.356,-9.766,-41.351,-75.384,-9.810,
742,14.840,23.737,-3.990,-0.000,-43.771,-75.552,-9.766,-42.862,-75.580,-9.810,
743,14.860,23.657,-3.990,-0.000,-45.286,-75.747,-9.766,-44.378,-75.777,-9.810,
744,14.880,23.577,-3.990,-0.000,-46.805,-75.942,-9.765,-45.897,-75.973,-9.810,
745,14.900,23.497,-3.990,-0.000,-48.328,-76.138,-9.765,-47.421,-76.169,-9.810,
746,14.920,23.417,-3.990,-0.000,-49.854,-76.333,-9.765,-48.948,-76.365,-9.810,
747,14.940,23.338,-3.990,-0.000,-51.385,-76.528,-9.765,-50.479,-76.561,-9.810,
748,14.960,23.258,-3.990,-0.000,-52.919,-76.724,-9.764,-52.014,-76.758,-9.810,
749,14.980,23.178,-3.990,-0.000,-54.458,-76.919,-9.764,-53.553,-76.954,-9.810,
750,15.000,23.098,-3.990,-0.000,-56.000,-77.114,-9.764,-55.096,-77.150,-9.810,
751,15.020,23.018,-3.990,-0.000,-57.546,-77.309,-9.764,-56.643,-77.346,-9.810,
752,15.040,22.939,-3.990,-0.000,-59.096,-77.505,-9.764,-58.194,-77.542,-9.810,
753,15.060,22.859,-3.990,-0.000,-60.650,-77.700,-9.763,-59.749,-77.739,-9.810,
754,15.080,22.779,-3.990,-0.000,-62.208,-77.895,-9.763,-61.308,-77.935,-9.810,
755,15.100,22.699,-3.990,-0.000,-63.770,-78.091,-9.763,-62.870,-78.131,-9.810,
756,15.120,22.619,-3.990,-0.000,-65.336,-78.286,-9.763,-64.437,-78.327,-9.810,
757,15.140,22.540,-3.990,-0.000,-66.905,-78.481,-9.762,-66.007,-78.523,-9.810,
758,15.160,22.460,-3.990,-0.000,-68.479,-78.676,-9.762,-67.582,-78.720,-9.810,
759,15.180,22.380,-3.990,-0.000,-70.056,-78.872,-9.762,-69.160,-78.916,-9.810,
760,15.200,22.300,-3.990,-0.000,-71.638,-79.067,-9.762,-70.742,-79.112,-9.810,
761,15.220,22.220,-3.990,-0.000,-73.223,-79.262,-9.761,-72.328,-79.308,-9.810,
762,15.240,22.141,-3.990,-0.000,-74.812,-79.457,-9.761,-73.919,-79.504,-9.810,
763,15.260,22.061,-3.990,-0.000,-76.405,-79.652,-9.761,-75.513,-79.701,-9.810,
764,15.280,21.981,-3.990,-0.000,-78.002,-79.848,-9.761,-77.111,-79.897,-9.810,
765,15.300,21.901,-3.990,-0.000,-79.603,-80.043,-9.760,-78.712,-80.093,-9.810,
766,15.320,21.821,-3.990,-0.000,-81.208,-80.238,-9.760,-80.318,-80.289,-9.810,
767,15.340,21.741,-3.990,-0.000,-82.816,-80.433,-9.760,-81.928,-80.485,-9.810,
768,15.360,21.662,-3.990,-0.000,-84.429,-80.628,-9.760,-83.542,-80.682,-9.810,
769,15.380,21.582,-3.990,-0.000,-86.045,-80.824,-9.759,-85.159,-80.878,-9.810,
770,15.400,21.502,-3.990,-0.000,-87.666,-81.019,-9.759,-86.781,-81.074,-9.810,
771,15.420,21.422,-3.990,-0.000,-89.290,-81.214,-9.759,-88.406,-81.270,-9.810,
772,15.440,21.342,-3.990,-0.000,-90.918,-81.409,-9.759,-90.035,-81.466,-9.810,
773,15.460,21.263,-3.990,-0.000,-92.550,-81.604,-9.759,-91.669,-81.663,-9.810,
774,15.480,21.183,-3.990,-0.000,-94.186,-81.800,-9.758,-93.306,-81.859,-9.810,
775,15.500,21.103,-3.990,-0.000,-95.826,-81.995,-9.758,-94.947,-82.055,-9.810,
776,15.520,21.023,-3.990,-0.000,-97.470,-82.190,-9.758,-96.592,-82.251,-9.810,
777,15.540,20.943,-3.990,-0.000,-99.118,-82.385,-9.758,-98.241,-82.447,-9.810,
778,15.560,20.864,-3.990,-0.000,-100.769,-82.580,-9.757,-99.894,-82.644,-9.810,
779,15.580,20.784,-3.990,-0.000,-102.425,-82.775,-9.757,-101.550,-82.840,-9.810,
780,15.600,20.704,-3.990,-0.000,-104.084,-82.970,-9.757,-103.211,-83.036,-9.810,
781,15.620,20.624,-3.990,-0.000,-105.747,-83.166,-9.757,-104.876,-83.232,-9.810,
782,15.640,20.544,-3.990,-0.000,-107.415,-83.361,-9.756,-106.544,-83.428,-9.810,
783,15.660,20.465,-3.990,-0.000,-109.086,-83.556,-9.756,-108.217,-83.625,-9.810,
784,15.680,20.385,-3.990,-0.000,-110.761,-83.751,-9.756,-109.893,-83.821,-9.810,
785,15.700,20.305,-3.990,-0.000,-112.440,-83.946,-9.756,-111.574,-84.017,-9.810,
786,15.720,20.225,-3.990,-0.000,-114.123,-84.141,-9.755,-113.258,-84.213,-9.810,
787,15.740,20.145,-3.990,-0.000,-115.809,-84.336,-9.755,-114.946,-84.409,-9.810,
788,15.760,20.065,-3.990,-0.000,-117.500,-84.531,-9.755,-116.638,-84.606,-9.810,
789,15.780,19.986,-3.990,-0.000,-119.194,-84.727,-9.755,-118.334,-84.802,-9.810,
790,15.800,19.906,-3.990,-0.000,-120.893,-84.922,-9.754,-120.034,-84.998,-9.810,
791,15.820,19.826,-3.990,-0.000,-122.595,-85.117,-9.754,-121.738,-85.194,-9.810,
792,15.840,19.746,-3.990,-0.000,-124.301,-85.312,-9.754,-123.446,-85.390,-9.810,
793,15.860,19.666,-3.990,-0.000,-126.012,-85.507,-9.754,-125.158,-85.587,-9.810,
794,15.880,19.587,-3.990,-0.000,-127.726,-85.702,-9.753,-126.873,-85.783,-9.810,
795,15.900,19.507,-3.990,-0.000,-129.444,-85.897,-9.753,-128.593,-85.979,-9.810,
796,15.920,19.427,-3.990,-0.000,-131.165,-86.092,-9.753,-130.316,-86.175,-9.810,
797,15.940,19.347,-3.990,-0.000,-132.891,-86.287,-9.752,-132.044,-86.371,-9.810,
798,15.960,19.267,-3.990,-0.000,-134.621,-86.482,-9.752,-133.775,-86.568,-9.810,
799,15.980,19.188,-3.990,-0.000,-136.354,-86.677,-9.752,-135.510,-86.764,-9.810,
800,16.000,19.108,-3.990,-0.000,-138.092,-86.872,-9.752,-137.250,-86.960,-9.810,
801,16.020,19.028,-3.990,-0.000,-139.833,-87.067,-9.751,-138.993,-87.156,-9.810,
802,16.040,18.948,-3.990,-0.000,-141.578,-87.262,-9.751,-140.740,-87.352,-9.810,
803,16.060,18.868,-3.990,-0.000,-143.328,-87.457,-9.751,-142.491,-87.549,-9.810,
804,16.080,18.789,-3.990,-0.000,-145.081,-87.652,-9.751,-144.246,-87.745,-9.810,
805,16.100,18.709,-3.990,-0.000,-146.838,-87.847,-9.750,-146.004,-87.941,-9.810,
806,16.120,18.629,-3.990,-0.000,-148.598,-88.042,-9.750,-147.767,-88.137,-9.810,
807,16.140,18.549,-3.990,-0.000,-150.363,-88.237,-9.750,-149.534,-88.333,-9.810,
808,16.160,18.469,-3.990,-0.000,-152.132,-88.432,-9.750,-151.304,-88.530,-9.810,
809,16.180,18.390,-3.990,-0.000,-153.904,-88.627,-9.749,-153.079,-88.726,-9.810,
810,16.200,18.310,-3.990,-0.000,-155.681,-88.822,-9.749,-154.857,-88.922,-9.810,
811,16.220,18.230,-3.990,-0.000,-157.461,-89.017,-9.749,-156.640,-89.118,-9.810,
812,16.240,18.150,-3.990,-0.000,-159.245,-89.212,-9.749,-158.426,-89.314,-9.810,
813,16.260,18.070,-3.990,-0.000,-161.033,-89.407,-9.748,-160.216,-89.511,-9.810,
814,16.280,17.990,-3.990,-0.000,-162.826,-89.602,-9.748,-162.010,-89.707,-9.810,
815,16.300,17.911,-3.990,-0.000,-164.621,-89.797,-9.748,-163.808,-89.903,-9.810,
816,16.320,17.831,-3.990,-0.000,-166.421,-89.992,-9.747,-165.610,-90.099,-9.810,
817,16.340,17.751,-3.990,-0.000,-168.225,-90.187,-9.747,-167.416,-90.295,-9.810,
818,16.360,17.671,-3.990,-0.000,-170.033,-90.382,-9.747,-169.226,-90.492,-9.810,
819,16.380,17.591,-3.990,-0.000,-171.844,-90.577,-9.747,-171.040,-90.688,-9.810,
820,16.400,17.512,-3.990,-0.000,-173.660,-90.772,-9.746,-172.858,-90.884,-9.810,
821,16.420,17.432,-3.990,-0.000,-175.479,-90.967,-9.746,-174.679,-91.080,-9.810,
822,16.440,17.352,-3.990,-0.000,-177.302,-91.162,-9.746,-176.505,-91.276,-9.810,
823,16.460,17.272,-3.990,-0.000,-179.129,-91.357,-9.746,-178.334,-91.473,-9.810,
824,16.480,17.192,-3.990,-0.000,-180.960,-91.552,-9.745,-180.168,-91.669,-9.810,
825,16.500,17.113,-3.990,-0.000,-182.795,-91.747,-9.745,-182.005,-91.865,-9.810,
826,16.520,17.033,-3.990,-0.000,-184.634,-91.941,-9.745,-183.846,-92.061,-9.810,
827,16.540,16.953,-3.990,-0.000,-186.477,-92.136,-9.744,-185.691,-92.257,-9.810,
828,16.560,16.873,-3.990,-0.000,-188.324,-92.331,-9.744,-187.540,-92.454,-9.810,
829,16.580,16.793,-3.990,-0.000,-190.174,-92.526,-9.744,-189.393,-92.650,-9.810,
830,16.600,16.714,-3.990,-0.000,-192.028,-92.721,-9.744,-191.250,-92.846,-9.810,
831,16.620,16.634,-3.990,-0.000,-193.887,-92.916,-9.743,-193.111,-93.042,-9.810,
832,16.640,16.554,-3.990,-0.000,-195.749,-93.111,-9.743,-194.976,-93.238,-9.810,
833,16.660,16.474,-3.990,-0.000,-197.615,-93.306,-9.743,-196.845,-93.435,-9.810,
834,16.680,16.394,-3.990,-0.000,-199.485,-93.500,-9.743,-198.717,-93.631,-9.810,
835,16.700,16.314,-3.990,-0.000,-201.359,-93.695,-9.742,-200.594,-93.827,-9.810,
836,16.720,16.235,-3.990,-0.000,-203.237,-93.890,-9.742,-202.474,-94.023,-9.810,
837,16.740,16.155,-3.990,-0.000,-205.119,-94.085,-9.742,-204.359,-94.219,-9.810,
838,16.760,16.075,-3.990,-0.000,-207.004,-94.280,-9.741,-206.247,-94.416,-9.810,
839,16.780,15.995,-3.990,-0.000,-208.894,-94.475,-9.741,-208.139,-94.612,-9.810,
840,16.800,15.915,-3.990,-0.000,-210.787,-94.669,-9.741,-210.035,-94.808,-9.810,
841,16.820,15.836,-3.990,-0.000,-212.684,-94.864,-9.741,-211.935,-95.004,-9.810,
842,16.840,15.756,-3.990,-0.000,-214.585,-95.059,-9.740,-213.839,-95.200,-9.810,
843,16.860,15.676,-3.990,-0.000,-216.491,-95.254,-9.740,-215.747,-95.397,-9.810,
844,16.880,15.596,-3.990,-0.000,-218.400,-95.449,-9.740,-217.659,-95.593,-9.810,
845,16.900,15.516,-3.990,-0.000,-220.312,-95.643,-9.739,-219.575,-95.789,-9.810,
846,16.920,15.437,-3.990,-0.000,-222.229,-95.838,-9.739,-221.495,-95.985,-9.810,
847,16.940,15.357,-3.990,-0.000,-224.150,-96.033,-9.739,-223.418,-96.181,-9.810,
848,16.960,15.277,-3.990,-0.000,-226.074,-96.228,-9.739,-225.346,-96.378,-9.810,
849,16.980,15.197,-3.990,-0.000,-228.003,-96.423,-9.738,-227.277,-96.574,-9.810,
850,17.000,15.117,-3.990,-0.000,-229.935,-96.617,-9.738,-229.213,-96.770,-9.810,
851,17.020,15.038,-3.990,-0.000,-231.871,-96.812,-9.738,-231.152,-96.966,-9.810,
852,17.040,14.958,-3.990,-0.000,-233.812,-97.007,-9.737,-233.095,-97.162,-9.810,
853,17.060,14.878,-3.990,-0.000,-235.756,-97.202,-9.737,-235.042,-97.359,-9.810,
854,17.080,14.798,-3.990,-0.000,-237.703,-97.396,-9.737,-236.994,-97.555,-9.810,
855,17.100,14.718,-3.990,-0.000,-239.655,-97.591,-9.737,-238.949,-97.751,-9.810,
856,17.120,14.639,-3.990,-0.000,-241.611,-97.786,-9.736,-240.908,-97.947,-9.810,
857,17.140,14.559,-3.990,-0.000,-243.571,-97.981,-9.736,-242.870,-98.143,-9.810,
858,17.160,14.479,-3.990,-0.000,-245.534,-98.175,-9.736,-244.837,-98.340,-9.810,
859,17.180,14.399,-3.990,-0.000,-247.502,-98.370,-9.735,-246.808,-98.536,-9.810,
860,17.200,14.319,-3.990,-0.000,-249.473,-98.565,-9.735,-248.783,-98.732,-9.810,
861,17.220,14.239,-3.990,-0.000,-251.448,-98.759,-9.735,-250.761,-98.928,-9.810,
862,17.240,14.160,-3.990,-0.000,-253.427,-98.954,-9.734,-252.744,-99.124,-9.810,
863,17.260,14.080,-3.990,-0.000,-255.410,-99.149,-9.734,-254.730,-99.321,-9.810,
864,17.280,14.000,-3.990,-0.000,-257.397,-99.343,-9.734,-256.720,-99.517,-9.810,
865,17.300,13.920,-3.990,-0.000,-259.388,-99.538,-9.734,-258.715,-99.713,-9.810,
866,17.320,13.840,-3.990,-0.000,-261.382,-99.733,-9.733,-260.713,-99.909,-9.810,
867,17.340,13.761,-3.990,-0.000,-263.381,-99.927,-9.733,-262.715,-100.105,-9.810,
868,17.360,13.681,-3.990,-0.000,-265.383,-100.122,-9.733,-264.721,-100.302,-9.810,
869,17.380,13.601,-3.990,-0.000,-267.390,-100.317,-9.732,-266.731,-100.498,-9.810,
870,17.400,13.521,-3.990,-0.000,-269.400,-100.511,-9.732,-268.745,-100.694,-9.810,
871,17.420,13.441,-3.990,-0.000,-271.414,-100.706,-9.732,-270.763,-100.890,-9.810,
872,17.440,13.362,-3.990,-0.000,-273.432,-100.901,-9.732,-272.784,-101.086,-9.810,
873,17.460,13.282,-3.990,-0.000,-275.454,-101.095,-9.731,-274.810,-101.283,-9.810,
874,17.480,13.202,-3.990,-0.000,-277.480,-101.290,-9.731,-276.839,-101.479,-9.810,
875,17.500,13.122,-3.990,-0.000,-279.509,-101.485,-9.731,-278.873,-101.675,-9.810,
876,17.520,13.042,-3.990,-0.000,-281.543,-101.679,-9.730,-280.910,-101.871,-9.810,
877,17.540,12.963,-3.990,-0.000,-283.581,-101.874,-9.730,-282.952,-102.067,-9.810,
878,17.560,12.883,-3.990,-0.000,-285.622,-102.068,-9.730,-284.997,-102.264,-9.810,
879,17.580,12.803,-3.990,-0.000,-287.667,-102.263,-9.729,-287.046,-102.460,-9.810,
880,17.600,12.723,-3.990,-0.000,-289.716,-102.458,-9.729,-289.099,-102.656,-9.810,
881,17.620,12.643,-3.990,-0.000,-291.769,-102.652,-9.729,-291.156,-102.852,-9.810,
882,17.640,12.563,-3.990,-0.000,-293.826,-102.847,-9.728,-293.217,-103.048,-9.810,
883,17.660,12.484,-3.990,-0.000,-295.887,-103.041,-9.728,-295.282,-103.245,-9.810,
884,17.680,12.404,-3.990,-0.000,-297.952,-103.236,-9.728,-297.351,-103.441,-9.810,
885,17.700,12.324,-3.990,-0.000,-300.020,-103.430,-9.728,-299.424,-103.637,-9.810,
886,17.720,12.244,-3.990,-0.000,-302.093,-103.625,-9.727,-301.500,-103.833,-9.810,
887,17.740,12.164,-3.990,-0.000,-304.169,-103.820,-9.727,-303.581,-104.029,-9.810,
888,17.760,12.085,-3.990,-0.000,-306.250,-104.014,-9.727,-305.666,-104.226,-9.810,
889,17.780,12.005,-3.990,-0.000,-308.334,-104.209,-9.726,-307.754,-104.422,-9.810,
890,17.800,11.925,-3.990,-0.000,-310.422,-104.403,-9.726,-309.846,-104.618,-9.810,
891,17.820,11.845,-3.990,-0.000,-312.514,-104.598,-9.726,-311.943,-104.814,-9.810,
892,17.840,11.765,-3.990,-0.000,-314.610,-104.792,-9.725,-314.043,-105.010,-9.810,
893,17.860,11.686,-3.990,-0.000,-316.709,-104.987,-9.725,-316.147,-105.207,-9.810,
894,17.880,11.606,-3.990,-0.000,-318.813,-105.181,-9.725,-318.255,-105.403,-9.810,
895,17.900,11.526,-3.990,-0.000,-320.921,-105.376,-9.724,-320.367,-105.599,-9.810,
896,17.920,11.446,-3.990,-0.000,-323.032,-105.570,-9.724,-322.483,-105.795,-9.810,
897,17.940,11.366,-3.990,-0.000,-325.147,-105.765,-9.724,-324.603,-105.991,-9.810,
898,17.960,11.287,-3.990,-0.000,-327.266,-105.959,-9.723,-326.727,-106.188,-9.810,
899,17.980,11.207,-3.990,-0.000,-329.389,-106.154,-9.723,-328.854,-106.384,-9.810,
900,18.000,11.127,-3.990,-0.000,-331.516,-106.348,-9.723,-330.986,-106.580,-9.810,
901,18.020,11.047,-3.990,-0.000,-333.647,-106.543,-9.723,-333.121,-106.776,-9.810,
902,18.040,10.967,-3.990,-0.000,-335.782,-106.737,-9.722,-335.261,-106.972,-9.810,
903,18.060,10.888,-3.990,-0.000,-337.921,-106.931,-9.722,-337.404,-107.169,-9.810,
904,18.080,10.808,-3.990,-0.000,-340.063,-107.126,-9.722,-339.551,-107.365,-9.810,
905,18.100,10.728,-3.990,-0.000,-342.210,-107.320,-9.721,-341.703,-107.561,-9.810,
906,18.120,10.648,-3.990,-0.000,-344.360,-107.515,-9.721,-343.858,-107.757,-9.810,
907,18.140,10.568,-3.990,-0.000,-346.514,-107.709,-9.721,-346.017,-107.953,-9.810,
908,18.160,10.488,-3.990,-0.000,-348.672,-107.904,-9.720,-348.180,-108.150,-9.810,
909,18.180,10.409,-3.990,-0.000,-350.834,-108.098,-9.720,-350.347,-108.346,-9.810,
910,18.200,10.329,-3.990,-0.000,-353.000,-108.292,-9.720,-352.518,-108.542,-9.810,
911,18.220,10.249,-3.990,-0.000,-355.170,-108.487,-9.719,-354.692,-108.738,-9.810,
912,18.240,10.169,-3.990,-0.000,-357.343,-108.681,-9.719,-356.871,-108.934,-9.810,
913,18.260,10.089,-3.990,-0.000,-359.521,-108.875,-9.719,-359.054,-109.131,-9.810,
914,18.280,10.010,-3.990,-0.000,-361.702,-109.070,-9.718,-361.240,-109.327,-9.810,
915,18.300,9.930,-3.990,-0.000,-363.887,-109.264,-9.718,-363.431,-109.523,-9.810,
916,18.320,9.850,-3.990,-0.000,-366.077,-109.459,-9.718,-365.625,-109.719,-9.810,
917,18.340,9.770,-3.990,-0.000,-368.270,-109.653,-9.717,-367.823,-109.915,-9.810,
918,18.360,9.690,-3.990,-0.000,-370.467,-109.847,-9.717,-370.026,-110.112,-9.810,
919,18.380,9.611,-3.990,-0.000,-372.667,-110.042,-9.717,-372.232,-110.308,-9.810,
920,18.400,9.531,-3.990,-0.000,-374.872,-110.236,-9.716,-374.442,-110.504,-9.810,
921,18.420,9.451,-3.990,-0.000,-377.081,-110.430,-9.716,-376.656,-110.700,-9.810,
922,18.440,9.371,-3.990,-0.000,-379.293,-110.625,-9.716,-378.874,-110.896,-9.810,
923,18.460,9.291,-3.990,-0.000,-381.510,-110.819,-9.715,-381.096,-111.093,-9.810,
924,18.480,9.212,-3.990,-0.000,-383.730,-111.013,-9.715,-383.321,-111.289,-9.810,
925,18.500,9.132,-3.990,-0.000,-385.954,-111.208,-9.715,-385.551,-111.485,-9.810,
926,18.520,9.052,-3.990,-0.000,-388.182,-111.402,-9.714,-387.785,-111.681,-9.810,
927,18.540,8.972,-3.990,-0.000,-390.414,-111.596,-9.714,-390.022,-111.877,-9.810,
928,18.560,8.892,-3.990,-0.000,-392.650,-111.790,-9.714,-392.264,-112.074,-9.810,
929,18.580,8.812,-3.990,-0.000,-394.890,-111.985,-9.713,-394.509,-112.270,-9.810,
930,18.600,8.733,-3.990,-0.000,-397.133,-112.179,-9.713,-396.758,-112.466,-9.810,
931,18.620,8.653,-3.990,-0.000,-399.381,-112.373,-9.713,-399.012,-112.662,-9.810,
932,18.640,8.573,-3.990,-0.000,-401.632,-112.567,-9.712,-401.269,-112.858,-9.810,
933,18.660,8.493,-3.990,-0.000,-403.887,-112.762,-9.712,-403.530,-113.055,-9.810,
934,18.680,8.413,-3.990,-0.000,-406.146,-112.956,-9.712,-405.795,-113.251,-9.810,
935,18.700,8.334,-3.990,-0.000,-408.409,-113.150,-9.711,-408.064,-113.447,-9.810,
936,18.720,8.254,-3.990,-0.000,-410.676,-113.344,-9.711,-410.337,-113.643,-9.810,
937,18.740,8.174,-3.990,-0.000,-412.947,-113.539,-9.711,-412.614,-113.839,-9.810,
938,18.760,8.094,-3.990,-0.000,-415.222,-113.733,-9.710,-414.894,-114.036,-9.810,
939,18.780,8.014,-3.990,-0.000,-417.500,-113.927,-9.710,-417.179,-114.232,-9.810,
940,18.800,7.935,-3.990,-0.000,-419.783,-114.121,-9.710,-419.467,-114.428,-9.810,
941,18.820,7.855,-3.990,-0.000,-422.069,-114.315,-9.709,-421.760,-114.624,-9.810,
942,18.840,7.775,-3.990,-0.000,-424.359,-114.510,-9.709,-424.056,-114.820,-9.810,
943,18.860,7.695,-3.990,-0.000,-426.653,-114.704,-9.709,-426.357,-115.017,-9.810,
944,18.880,7.615,-3.990,-0.000,-428.951,-114.898,-9.708,-428.661,-115.213,-9.810,
945,18.900,7.536,-3.990,-0.000,-431.253,-115.092,-9.708,-430.969,-115.409,-9.810,
946,18.920,7.456,-3.990,-0.000,-433.559,-115.286,-9.708,-433.281,-115.605,-9.810,
947,18.940,7.376,-3.990,-0.000,-435.868,-115.480,-9.707,-435.597,-115.801,-9.810,
948,18.960,7.296,-3.990,-0.000,-438.182,-115.675,-9.707,-437.917,-115.998,-9.810,
949,18.980,7.216,-3.990,-0.000,-440.499,-115.869,-9.707,-440.241,-116.194,-9.810,
950,19.000,7.137,-3.990,-0.000,-442.820,-116.063,-9.706,-442.569,-116.390,-9.810,
951,19.020,7.057,-3.990,-0.000,-445.146,-116.257,-9.706,-444.901,-116.586,-9.810,
952,19.040,6.977,-3.990,-0.000,-447.475,-116.451,-9.706,-447.236,-116.782,-9.810,
953,19.060,6.897,-3.990,-0.000,-449.807,-116.645,-9.705,-449.576,-116.979,-9.810,
954,19.080,6.817,-3.990,-0.000,-452.144,-116.839,-9.705,-451.919,-117.175,-9.810,
955,19.100,6.737,-3.990,-0.000,-454.485,-117.033,-9.705,-454.267,-117.371,-9.810,
956,19.120,6.658,-3.990,-0.000,-456.829,-117.228,-9.704,-456.618,-117.567,-9.810,
957,19.140,6.578,-3.990,-0.000,-459.178,-117.422,-9.704,-458.973,-117.763,-9.810,
958,19.160,6.498,-3.990,-0.000,-461.530,-117.616,-9.703,-461.333,-117.960,-9.810,
959,19.180,6.418,-3.990,-0.000,-463.886,-117.810,-9.703,-463.696,-118.156,-9.810,
960,19.200,6.338,-3.990,-0.000,-466.247,-118.004,-9.703,-466.063,-118.352,-9.810,
961,19.220,6.259,-3.990,-0.000,-468.610,-118.198,-9.702,-468.434,-118.548,-9.810,
962,19.240,6.179,-3.990,-0.000,-470.978,-118.392,-9.702,-470.809,-118.744,-9.810,
963,19.260,6.099,-3.990,-0.000,-473.350,-118.586,-9.702,-473.187,-118.941,-9.810,
964,19.280,6.019,-3.990,-0.000,-475.726,-118.780,-9.701,-475.570,-119.137,-9.810,
965,19.300,5.939,-3.990,-0.000,-478.105,-118.974,-9.701,-477.957,-119.333,-9.810,
966,19.320,5.860,-3.990,-0.000,-480.488,-119.168,-9.701,-480.347,-119.529,-9.810,
967,19.340,5.780,-3.990,-0.000,-482.876,-119.362,-9.700,-482.742,-119.725,-9.810,
968,19.360,5.700,-3.990,-0.000,-485.267,-119.556,-9.700,-485.140,-119.922,-9.810,
969,19.380,5.620,-3.990,-0.000,-487.662,-119.750,-9.700,-487.543,-120.118,-9.810,
970,19.400,5.540,-3.990,-0.000,-490.061,-119.944,-9.699,-489.949,-120.314,-9.810,
971,19.420,5.461,-3.990,-0.000,-492.463,-120.138,-9.699,-492.359,-120.510,-9.810,
972,19.440,5.381,-3.990,-0.000,-494.870,-120.332,-9.699,-494.773,-120.706,-9.810,
973,19.460,5.301,-3.990,-0.000,-497.281,-120.526,-9.698,-497.191,-120.903,-9.810,
974,19.480,5.221,-3.990,-0.000,-499.695,-120.720,-9.698,-499.613,-121.099,-9.810,
975,19.500,5.141,-3.990,-0.000,-502.113,-120.914,-9.697,-502.039,-121.295,-9.810,
976,19.520,5.062,-3.990,-0.000,-504.535,-121.108,-9.697,-504.469,-121.491,-9.810,
977,19.540,4.982,-3.990,-0.000,-506.962,-121.302,-9.697,-506.903,-121.687,-9.810,
978,19.560,4.902,-3.990,-0.000,-509.391,-121.496,-9.696,-509.340,-121.884,-9.810,
979,19.580,4.822,-3.990,-0.000,-511.825,-121.690,-9.696,-511.782,-122.080,-9.810,
980,19.600,4.742,-3.990,-0.000,-514.263,-121.884,-9.696,-514.228,-122.276,-9.810,
981,19.620,4.662,-3.990,-0.000,-516.704,-122.078,-9.695,-516.677,-122.472,-9.810,
982,19.640,4.583,-3.990,-0.000,-519.150,-122.271,-9.695,-519.130,-122.668,-9.810,
983,19.660,4.503,-3.990,-0.000,-521.599,-122.465,-9.695,-521.588,-122.865,-9.810,
984,19.680,4.423,-3.990,-0.000,-524.052,-122.659,-9.694,-524.049,-123.061,-9.810,
985,19.700,4.343,-3.990,-0.000,-526.509,-122.853,-9.694,-526.514,-123.257,-9.810,
986,19.720,4.263,-3.990,-0.000,-528.970,-123.047,-9.693,-528.983,-123.453,-9.810,
987,19.740,4.184,-3.990,-0.000,-531.435,-123.241,-9.693,-531.456,-123.649,-9.810,
988,19.760,4.104,-3.990,-0.000,-533.904,-123.435,-9.693,-533.933,-123.846,-9.810,
989,19.780,4.024,-3.990,-0.000,-536.376,-123.629,-9.692,-536.414,-124.042,-9.810,
990,19.800,3.944,-3.990,-0.000,-538.853,-123.822,-9.692,-538.899,-124.238,-9.810,
991,19.820,3.864,-3.990,-0.000,-541.333,-124.016,-9.692,-541.387,-124.434,-9.810,
992,19.840,3.785,-3.990,-0.000,-543.817,-124.210,-9.691,-543.880,-124.630,-9.810,
993,19.860,3.705,-3.990,-0.000,-546.305,-124.404,-9.691,-546.376,-124.827,-9.810,
994,19.880,3.625,-3.990,-0.000,-548.797,-124.598,-9.691,-548.877,-125.023,-9.810,
995,19.900,3.545,-3.990,-0.000,-551.293,-124.792,-9.690,-551.381,-125.219,-9.810,
996,19.920,3.465,-3.990,-0.000,-553.793,-124.985,-9.690,-553.890,-125.415,-9.810,
997,19.940,3.386,-3.990,-0.000,-556.297,-125.179,-9.689,-556.402,-125.611,-9.810,
998,19.960,3.306,-3.990,-0.000,-558.804,-125.373,-9.689,-558.918,-125.808,-9.810,
999,19.980,3.226,-3.990,-0.000,-561.315,-125.567,-9.689,-561.438,-126.004,-9.810,
1000,20.000,3.146,-3.990,-0.000,-563.831,-125.760,-9.688,-563.962,-126.200,-9.810,
